user_id,name,age,occupation,city,month,income,rent,food,transport,shopping,entertainment,medical,emi,investment,total_expense,savings,saving_ratio,financial_category,risk_level
1,Rohan Gupta,46,Engineer,Jaipur,2025-01,91781,16383,7874,6013,3338,5019,1072,0,14704,54403,37378,0.41,Investor,Low
1,Rohan Gupta,46,Engineer,Jaipur,2025-02,91207,23011,8425,4161,12464,8739,5227,12593,5464,80084,11123,0.12,High Spender,High
1,Rohan Gupta,46,Engineer,Jaipur,2025-03,93861,11962,15566,4718,5117,2761,3027,0,6627,49778,44083,0.47,Investor,Low
1,Rohan Gupta,46,Engineer,Jaipur,2025-04,99597,22133,11676,6806,4051,2466,2187,11133,20461,80913,18684,0.19,Balanced,Medium
1,Rohan Gupta,46,Engineer,Jaipur,2025-05,97867,20913,12264,4989,16152,7430,2499,4341,15173,83761,14106,0.14,High Spender,High
1,Rohan Gupta,46,Engineer,Jaipur,2025-06,95866,22692,10429,9453,4800,5124,6702,0,22687,81887,13979,0.15,Balanced,Medium
1,Rohan Gupta,46,Engineer,Jaipur,2025-07,97148,12267,14263,8113,12378,8747,3070,8572,16405,83815,13333,0.14,High Spender,High
1,Rohan Gupta,46,Engineer,Jaipur,2025-08,99740,24685,8665,3645,7569,7556,1032,3994,17895,75041,24699,0.25,Balanced,Medium
1,Rohan Gupta,46,Engineer,Jaipur,2025-09,101400,25502,10997,5780,14568,2211,4282,0,17459,80799,20601,0.2,Balanced,Medium
1,Rohan Gupta,46,Engineer,Jaipur,2025-10,98327,12726,15419,3840,7088,5041,4567,0,13749,62430,35897,0.37,Investor,Low
1,Rohan Gupta,46,Engineer,Jaipur,2025-11,99241,16320,9298,5968,12259,7593,3439,14185,23971,93033,6208,0.06,High Spender,High
1,Rohan Gupta,46,Engineer,Jaipur,2025-12,92711,12356,8819,7054,2971,8018,1993,7304,4711,53226,39485,0.43,Investor,Low
2,Dev Choudhary,44,Manager,Delhi,2025-01,118949,32358,17306,9728,12802,10667,6075,12163,15417,116516,2433,0.02,High Spender,High
2,Dev Choudhary,44,Manager,Delhi,2025-02,116961,15972,16775,4018,4847,4292,1829,4801,19900,72434,44527,0.38,Investor,Low
2,Dev Choudhary,44,Manager,Delhi,2025-03,112181,13465,10671,4162,10299,2472,2203,13060,8941,65273,46908,0.42,Investor,Low
2,Dev Choudhary,44,Manager,Delhi,2025-04,114636,31281,16075,7243,5687,6768,4317,10870,12881,95122,19514,0.17,Balanced,Medium
2,Dev Choudhary,44,Manager,Delhi,2025-05,112865,15389,12896,5477,19289,3714,689,6362,8952,72768,40097,0.36,Investor,Low
2,Dev Choudhary,44,Manager,Delhi,2025-06,119403,31792,18604,6073,16632,3257,2639,11493,27659,118149,1254,0.01,High Spender,High
2,Dev Choudhary,44,Manager,Delhi,2025-07,116331,28327,15502,9833,10009,4402,6958,0,24856,99887,16444,0.14,High Spender,High
2,Dev Choudhary,44,Manager,Delhi,2025-08,122626,30476,12261,7908,18917,12160,6972,7577,12487,108758,13868,0.11,High Spender,High
2,Dev Choudhary,44,Manager,Delhi,2025-09,121850,26419,13943,10552,18634,5844,3487,0,8582,87461,34389,0.28,Balanced,Medium
2,Dev Choudhary,44,Manager,Delhi,2025-10,118205,17904,11872,8709,21637,10311,4427,13698,24814,113372,4833,0.04,High Spender,High
2,Dev Choudhary,44,Manager,Delhi,2025-11,111893,28369,10293,6400,16890,4022,1962,10109,7535,85580,26313,0.24,Balanced,Medium
2,Dev Choudhary,44,Manager,Delhi,2025-12,122330,22427,14696,11777,18742,4110,1540,0,20571,93863,28467,0.23,Balanced,Medium
3,Yash Bansal,30,Accountant,Mumbai,2025-01,49424,10266,4059,4248,7585,1394,6639,5281,12223,51695,0,0.0,High Spender,High
3,Yash Bansal,30,Accountant,Mumbai,2025-02,43626,11001,4410,2077,3481,1712,5304,8341,6930,43256,370,0.01,High Spender,High
3,Yash Bansal,30,Accountant,Mumbai,2025-03,54102,7626,9251,2962,5836,3606,4733,0,8459,42473,11629,0.21,Balanced,Medium
3,Yash Bansal,30,Accountant,Mumbai,2025-04,49012,9885,8198,4134,6540,4023,1727,0,7091,41598,7414,0.15,Balanced,Medium
3,Yash Bansal,30,Accountant,Mumbai,2025-05,52316,7285,4508,4068,6289,3065,6861,0,5215,37291,15025,0.29,Balanced,Medium
3,Yash Bansal,30,Accountant,Mumbai,2025-06,44972,5700,4037,2772,1562,4115,1019,10262,7757,37224,7748,0.17,Balanced,Medium
3,Yash Bansal,30,Accountant,Mumbai,2025-07,48717,10570,4868,2406,5670,4120,4659,7057,11426,50776,0,0.0,High Spender,High
3,Yash Bansal,30,Accountant,Mumbai,2025-08,43754,11131,4100,1685,4601,1129,2471,0,4048,29165,14589,0.33,Investor,Low
3,Yash Bansal,30,Accountant,Mumbai,2025-09,45395,11141,7703,1852,6888,3305,1671,0,11054,43614,1781,0.04,High Spender,High
3,Yash Bansal,30,Accountant,Mumbai,2025-10,44032,10544,3937,4048,2539,3233,2332,5645,10955,43233,799,0.02,High Spender,High
3,Yash Bansal,30,Accountant,Mumbai,2025-11,47051,8199,4685,2460,7187,1014,5038,10514,8969,48066,0,0.0,High Spender,High
3,Yash Bansal,30,Accountant,Mumbai,2025-12,46732,8086,6654,3077,1912,4617,6958,0,3122,34426,12306,0.26,Balanced,Medium
4,Ishaan Sharma,32,Freelancer,Delhi,2025-01,89264,23728,14451,4293,4944,8349,5174,11103,6060,78102,11162,0.13,High Spender,High
4,Ishaan Sharma,32,Freelancer,Delhi,2025-02,76287,18914,7501,7069,5776,1628,1225,0,13093,55206,21081,0.28,Balanced,Medium
4,Ishaan Sharma,32,Freelancer,Delhi,2025-03,78988,10320,13133,4878,6923,5074,2694,0,4631,47653,31335,0.4,Investor,Low
4,Ishaan Sharma,32,Freelancer,Delhi,2025-04,86970,13754,7909,3591,3353,3143,3055,13300,13586,61691,25279,0.29,Balanced,Medium
4,Ishaan Sharma,32,Freelancer,Delhi,2025-05,78717,13098,10233,3341,7005,1688,2551,0,4226,42142,36575,0.46,Investor,Low
4,Ishaan Sharma,32,Freelancer,Delhi,2025-06,83629,17408,8274,5288,15796,2383,5825,10080,13312,78366,5263,0.06,High Spender,High
4,Ishaan Sharma,32,Freelancer,Delhi,2025-07,81785,22511,9060,3685,5645,2935,6289,0,10708,60833,20952,0.26,Balanced,Medium
4,Ishaan Sharma,32,Freelancer,Delhi,2025-08,81039,22455,13265,2512,11047,7324,4028,0,5421,66052,14987,0.18,Balanced,Medium
4,Ishaan Sharma,32,Freelancer,Delhi,2025-09,89128,16126,11639,8731,11746,6721,870,0,7264,63097,26031,0.29,Balanced,Medium
4,Ishaan Sharma,32,Freelancer,Delhi,2025-10,82649,9965,9621,4382,16317,3792,782,0,10026,54885,27764,0.34,Investor,Low
4,Ishaan Sharma,32,Freelancer,Delhi,2025-11,75362,13086,6661,3732,10665,3003,6858,0,7749,51754,23608,0.31,Investor,Low
4,Ishaan Sharma,32,Freelancer,Delhi,2025-12,76815,10985,10652,4422,6217,5405,1192,0,13942,52815,24000,0.31,Investor,Low
5,Isha Yadav,45,Manager,Bengaluru,2025-01,44245,10435,6385,1462,7610,4042,5639,0,10263,45836,0,0.0,High Spender,High
5,Isha Yadav,45,Manager,Bengaluru,2025-02,51924,10421,8489,4482,8852,3464,6326,0,3479,45513,6411,0.12,High Spender,High
5,Isha Yadav,45,Manager,Bengaluru,2025-03,40275,5690,4674,1504,6930,2605,5642,0,5955,33000,7275,0.18,Balanced,Medium
5,Isha Yadav,45,Manager,Bengaluru,2025-04,39644,7655,3449,3777,7240,1084,4808,4082,3981,36076,3568,0.09,High Spender,High
5,Isha Yadav,45,Manager,Bengaluru,2025-05,40809,10421,4222,3385,2825,2938,4271,11092,2666,41820,0,0.0,High Spender,High
5,Isha Yadav,45,Manager,Bengaluru,2025-06,50791,8429,4300,3773,3235,3452,3217,7160,8849,42415,8376,0.16,Balanced,Medium
5,Isha Yadav,45,Manager,Bengaluru,2025-07,41776,5096,3595,2039,6025,3148,6035,11021,8011,44970,0,0.0,High Spender,High
5,Isha Yadav,45,Manager,Bengaluru,2025-08,44268,8603,5605,1695,8053,1590,1203,0,4777,31526,12742,0.29,Balanced,Medium
5,Isha Yadav,45,Manager,Bengaluru,2025-09,40842,10258,7221,2510,3090,1502,2226,0,3199,30006,10836,0.27,Balanced,Medium
5,Isha Yadav,45,Manager,Bengaluru,2025-10,48176,7799,5586,3480,6618,2040,1423,14523,4638,46107,2069,0.04,High Spender,High
5,Isha Yadav,45,Manager,Bengaluru,2025-11,47554,8704,4560,4588,6936,2493,6457,5305,5649,44692,2862,0.06,High Spender,High
5,Isha Yadav,45,Manager,Bengaluru,2025-12,44768,6238,5064,2360,3917,2321,2103,0,10310,32313,12455,0.28,Balanced,Medium
6,Kabir Singh,44,Teacher,Bengaluru,2025-01,80792,10682,13939,6697,14156,3429,922,13845,14299,77969,2823,0.03,High Spender,High
6,Kabir Singh,44,Teacher,Bengaluru,2025-02,73578,11764,7841,4839,4582,3669,4004,3475,17120,57294,16284,0.22,Balanced,Medium
6,Kabir Singh,44,Teacher,Bengaluru,2025-03,80218,16675,12189,2684,12393,4497,6665,5270,11801,72174,8044,0.1,High Spender,High
6,Kabir Singh,44,Teacher,Bengaluru,2025-04,80151,11250,10196,4332,6461,6341,5847,7262,14523,66212,13939,0.17,Balanced,Medium
6,Kabir Singh,44,Teacher,Bengaluru,2025-05,76067,15008,11173,2919,10599,1978,4600,0,10694,56971,19096,0.25,Balanced,Medium
6,Kabir Singh,44,Teacher,Bengaluru,2025-06,76592,21402,9573,3046,4803,2087,3301,0,8720,52932,23660,0.31,Investor,Low
6,Kabir Singh,44,Teacher,Bengaluru,2025-07,77173,12450,10569,7108,12150,4091,3890,0,9675,59933,17240,0.22,Balanced,Medium
6,Kabir Singh,44,Teacher,Bengaluru,2025-08,76680,18429,9954,5382,6995,5746,4835,0,5254,56595,20085,0.26,Balanced,Medium
6,Kabir Singh,44,Teacher,Bengaluru,2025-09,75209,13652,10873,4529,6245,6403,678,0,10156,52536,22673,0.3,Investor,Low
6,Kabir Singh,44,Teacher,Bengaluru,2025-10,83651,22026,10651,5947,2512,4293,4824,10670,8339,69262,14389,0.17,Balanced,Medium
6,Kabir Singh,44,Teacher,Bengaluru,2025-11,72925,11362,6942,7148,3537,6273,6242,13606,4886,59996,12929,0.18,Balanced,Medium
6,Kabir Singh,44,Teacher,Bengaluru,2025-12,83867,10594,13270,3881,15631,6008,2988,5096,13053,70521,13346,0.16,Balanced,Medium
7,Dev Kapoor,28,Teacher,Jaipur,2025-01,67959,18414,6739,3279,11171,1365,4903,7940,7184,60995,6964,0.1,High Spender,High
7,Dev Kapoor,28,Teacher,Jaipur,2025-02,64550,14403,10868,4084,4512,2566,3873,14545,3941,58792,5758,0.09,High Spender,High
7,Dev Kapoor,28,Teacher,Jaipur,2025-03,62547,12492,9222,3715,4611,4590,3532,6715,3553,48430,14117,0.23,Balanced,Medium
7,Dev Kapoor,28,Teacher,Jaipur,2025-04,64905,15248,7544,3747,2021,2814,4635,0,9679,45688,19217,0.3,Investor,Low
7,Dev Kapoor,28,Teacher,Jaipur,2025-05,62650,10642,10149,2891,4237,5064,2916,4785,10777,51461,11189,0.18,Balanced,Medium
7,Dev Kapoor,28,Teacher,Jaipur,2025-06,63025,12454,10779,2139,8263,5908,945,0,15430,55918,7107,0.11,High Spender,High
7,Dev Kapoor,28,Teacher,Jaipur,2025-07,61692,11503,9314,2645,6566,4747,3073,0,14578,52426,9266,0.15,Balanced,Medium
7,Dev Kapoor,28,Teacher,Jaipur,2025-08,64761,9747,9406,4321,7090,2910,6442,9203,15995,65114,0,0.0,High Spender,High
7,Dev Kapoor,28,Teacher,Jaipur,2025-09,66615,9797,5348,3303,5978,6424,1513,0,8395,40758,25857,0.39,Investor,Low
7,Dev Kapoor,28,Teacher,Jaipur,2025-10,71961,18094,11672,4337,2761,4164,3553,11872,6376,62829,9132,0.13,High Spender,High
7,Dev Kapoor,28,Teacher,Jaipur,2025-11,65334,15547,8327,4848,4714,4575,3815,3666,3722,49214,16120,0.25,Balanced,Medium
7,Dev Kapoor,28,Teacher,Jaipur,2025-12,60392,15009,5205,2635,2457,4133,3473,7461,14586,54959,5433,0.09,High Spender,High
8,Kavya Sharma,37,Manager,Mumbai,2025-01,59042,13901,8239,5100,11271,1489,2415,4757,11401,58573,469,0.01,High Spender,High
8,Kavya Sharma,37,Manager,Mumbai,2025-02,66611,18159,7903,3168,6866,3961,4567,0,14022,58646,7965,0.12,High Spender,High
8,Kavya Sharma,37,Manager,Mumbai,2025-03,71080,11979,10605,2885,4985,6318,4274,0,10830,51876,19204,0.27,Balanced,Medium
8,Kavya Sharma,37,Manager,Mumbai,2025-04,65398,15725,6849,2258,2338,4199,3168,5632,14825,54994,10404,0.16,Balanced,Medium
8,Kavya Sharma,37,Manager,Mumbai,2025-05,60163,9769,5318,2210,6903,4619,4161,0,4607,37587,22576,0.38,Investor,Low
8,Kavya Sharma,37,Manager,Mumbai,2025-06,66532,14587,9807,5479,11575,4867,1492,7815,7044,62666,3866,0.06,High Spender,High
8,Kavya Sharma,37,Manager,Mumbai,2025-07,63366,11385,9746,2784,4566,2511,1756,0,7304,40052,23314,0.37,Investor,Low
8,Kavya Sharma,37,Manager,Mumbai,2025-08,65470,10492,6847,4376,9194,1836,4300,0,3332,40377,25093,0.38,Investor,Low
8,Kavya Sharma,37,Manager,Mumbai,2025-09,72401,11365,9037,4066,12964,2796,912,0,17089,58229,14172,0.2,Balanced,Medium
8,Kavya Sharma,37,Manager,Mumbai,2025-10,65079,13147,6363,4699,10526,4762,551,4733,6086,50867,14212,0.22,Balanced,Medium
8,Kavya Sharma,37,Manager,Mumbai,2025-11,65021,11339,5488,6501,2373,5109,2166,3186,8569,44731,20290,0.31,Investor,Low
8,Kavya Sharma,37,Manager,Mumbai,2025-12,65072,9736,7237,2878,10749,4154,1018,0,13611,49383,15689,0.24,Balanced,Medium
9,Saanvi Choudhary,30,Teacher,Delhi,2025-01,83529,13647,14936,6410,8439,2013,6605,12281,11093,75424,8105,0.1,High Spender,High
9,Saanvi Choudhary,30,Teacher,Delhi,2025-02,72434,18708,13013,4017,4601,5667,2168,3096,16683,67953,4481,0.06,High Spender,High
9,Saanvi Choudhary,30,Teacher,Delhi,2025-03,79078,10925,7041,5570,7275,6472,1564,0,12676,51523,27555,0.35,Investor,Low
9,Saanvi Choudhary,30,Teacher,Delhi,2025-04,82632,20578,9888,5792,15504,6526,1906,5390,8813,74397,8235,0.1,High Spender,High
9,Saanvi Choudhary,30,Teacher,Delhi,2025-05,80674,11898,6995,4587,12754,6725,2116,0,17543,62618,18056,0.22,Balanced,Medium
9,Saanvi Choudhary,30,Teacher,Delhi,2025-06,72848,20112,9344,2457,13655,3717,6335,0,12971,68591,4257,0.06,High Spender,High
9,Saanvi Choudhary,30,Teacher,Delhi,2025-07,75774,16622,10719,3313,8365,4943,841,0,9601,54404,21370,0.28,Balanced,Medium
9,Saanvi Choudhary,30,Teacher,Delhi,2025-08,74152,10671,13130,6458,4652,6726,6705,0,13612,61954,12198,0.16,Balanced,Medium
9,Saanvi Choudhary,30,Teacher,Delhi,2025-09,77447,10752,10838,5305,10579,3446,3941,0,10466,55327,22120,0.29,Balanced,Medium
9,Saanvi Choudhary,30,Teacher,Delhi,2025-10,82930,14827,10810,3525,2537,8201,4311,6854,16810,67875,15055,0.18,Balanced,Medium
9,Saanvi Choudhary,30,Teacher,Delhi,2025-11,84915,21316,13896,7365,8326,2154,3437,10054,5803,72351,12564,0.15,Balanced,Medium
9,Saanvi Choudhary,30,Teacher,Delhi,2025-12,79377,15930,11565,2607,4139,7443,3070,0,4830,49584,29793,0.38,Investor,Low
10,Ananya Jain,29,Engineer,Jaipur,2025-01,112488,25963,10231,4411,20311,4840,1852,0,7098,74706,37782,0.34,Investor,Low
10,Ananya Jain,29,Engineer,Jaipur,2025-02,106243,23126,11179,5595,14268,9817,4238,5352,15983,89558,16685,0.16,Balanced,Medium
10,Ananya Jain,29,Engineer,Jaipur,2025-03,108360,16615,11517,7088,9128,2486,1991,0,19213,68038,40322,0.37,Investor,Low
10,Ananya Jain,29,Engineer,Jaipur,2025-04,105051,24030,17810,4392,17168,3068,4847,3795,25551,100661,4390,0.04,High Spender,High
10,Ananya Jain,29,Engineer,Jaipur,2025-05,107916,22535,14892,9904,5156,10730,5659,9459,11110,89445,18471,0.17,Balanced,Medium
10,Ananya Jain,29,Engineer,Jaipur,2025-06,106538,22626,12361,8898,11206,3637,6591,3791,22795,91905,14633,0.14,High Spender,High
10,Ananya Jain,29,Engineer,Jaipur,2025-07,104649,17749,18480,9514,19657,9591,6505,0,9871,91367,13282,0.13,High Spender,High
10,Ananya Jain,29,Engineer,Jaipur,2025-08,105261,23006,12970,6935,19182,3216,2361,0,5732,73402,31859,0.3,Investor,Low
10,Ananya Jain,29,Engineer,Jaipur,2025-09,100536,21186,11096,6697,12144,5334,2967,0,9132,68556,31980,0.32,Investor,Low
10,Ananya Jain,29,Engineer,Jaipur,2025-10,110716,27961,10613,3430,18407,8480,4193,0,19667,92751,17965,0.16,Balanced,Medium
10,Ananya Jain,29,Engineer,Jaipur,2025-11,111397,27308,13389,5402,3559,7975,5106,8739,18979,90457,20940,0.19,Balanced,Medium
10,Ananya Jain,29,Engineer,Jaipur,2025-12,108974,25866,11425,10161,4084,6813,3825,0,8918,71092,37882,0.35,Investor,Low
11,Shruti Verma,21,Sales Executive,Delhi,2025-01,77424,15710,11169,5832,7788,5346,4666,0,8520,59031,18393,0.24,Balanced,Medium
11,Shruti Verma,21,Sales Executive,Delhi,2025-02,74950,20914,11424,4755,9108,3748,4077,0,14866,68892,6058,0.08,High Spender,High
11,Shruti Verma,21,Sales Executive,Delhi,2025-03,81569,12077,14654,3939,11377,2435,6641,14388,15688,81199,370,0.0,High Spender,High
11,Shruti Verma,21,Sales Executive,Delhi,2025-04,78513,17409,11613,6124,14598,7674,2921,0,5266,65605,12908,0.16,Balanced,Medium
11,Shruti Verma,21,Sales Executive,Delhi,2025-05,82469,10097,8744,3837,12903,7882,6612,0,18640,68715,13754,0.17,Balanced,Medium
11,Shruti Verma,21,Sales Executive,Delhi,2025-06,79539,17196,9381,7129,14848,7837,4893,10692,17334,89310,0,0.0,High Spender,High
11,Shruti Verma,21,Sales Executive,Delhi,2025-07,85585,10357,7073,8293,5969,7769,6965,6472,14936,67834,17751,0.21,Balanced,Medium
11,Shruti Verma,21,Sales Executive,Delhi,2025-08,75430,15872,7328,2436,3697,5261,1825,0,14342,50761,24669,0.33,Investor,Low
11,Shruti Verma,21,Sales Executive,Delhi,2025-09,74661,9456,11144,5552,11086,5893,1038,12674,6709,63552,11109,0.15,Balanced,Medium
11,Shruti Verma,21,Sales Executive,Delhi,2025-10,87583,17991,12823,8020,13880,6735,3644,0,7982,71075,16508,0.19,Balanced,Medium
11,Shruti Verma,21,Sales Executive,Delhi,2025-11,75990,9530,13292,7126,12016,2051,6655,13347,11050,75067,923,0.01,High Spender,High
11,Shruti Verma,21,Sales Executive,Delhi,2025-12,76329,10354,11887,3385,6430,4114,671,8749,18015,63605,12724,0.17,Balanced,Medium
12,Vivaan Kapoor,44,Manager,Pune,2025-01,93825,24039,13306,3018,9400,5152,6832,4610,13490,79847,13978,0.15,Balanced,Medium
12,Vivaan Kapoor,44,Manager,Pune,2025-02,86813,17888,8825,7844,3945,7429,1895,0,13430,61256,25557,0.29,Balanced,Medium
12,Vivaan Kapoor,44,Manager,Pune,2025-03,90749,21956,16133,2750,10294,5383,2011,11103,21910,91540,0,0.0,High Spender,High
12,Vivaan Kapoor,44,Manager,Pune,2025-04,94465,15274,16473,4710,6282,7175,4582,0,22458,76954,17511,0.19,Balanced,Medium
12,Vivaan Kapoor,44,Manager,Pune,2025-05,98588,13106,15654,7768,16146,6924,3413,4558,23237,90806,7782,0.08,High Spender,High
12,Vivaan Kapoor,44,Manager,Pune,2025-06,98234,13142,16586,3120,6389,4033,4964,0,12363,60597,37637,0.38,Investor,Low
12,Vivaan Kapoor,44,Manager,Pune,2025-07,96359,15164,12149,6476,15249,7731,5794,3555,16026,82144,14215,0.15,Balanced,Medium
12,Vivaan Kapoor,44,Manager,Pune,2025-08,94573,13699,15539,7220,14766,3174,4094,14289,15683,88464,6109,0.06,High Spender,High
12,Vivaan Kapoor,44,Manager,Pune,2025-09,88090,15279,12708,6937,10245,3646,6682,0,17148,72645,15445,0.18,Balanced,Medium
12,Vivaan Kapoor,44,Manager,Pune,2025-10,90081,21232,12637,4900,6319,8689,2619,0,7469,63865,26216,0.29,Balanced,Medium
12,Vivaan Kapoor,44,Manager,Pune,2025-11,96804,13190,11463,9570,15985,7614,4062,0,6955,68839,27965,0.29,Balanced,Medium
12,Vivaan Kapoor,44,Manager,Pune,2025-12,87775,14476,14792,5483,2821,7754,4076,0,13174,62576,25199,0.29,Balanced,Medium
13,Riya Singh,50,Engineer,Delhi,2025-01,63604,15145,5123,2986,11130,4839,5312,13603,13941,72079,0,0.0,High Spender,High
13,Riya Singh,50,Engineer,Delhi,2025-02,64655,15229,10862,5442,9634,5702,6067,0,9102,62038,2617,0.04,High Spender,High
13,Riya Singh,50,Engineer,Delhi,2025-03,58841,9506,8829,5450,4189,3060,6337,0,5884,43255,15586,0.26,Balanced,Medium
13,Riya Singh,50,Engineer,Delhi,2025-04,60652,11962,4971,5464,7163,4420,1999,13723,12472,62174,0,0.0,High Spender,High
13,Riya Singh,50,Engineer,Delhi,2025-05,60081,15206,10262,2249,4368,2248,6367,6273,4218,51191,8890,0.15,Balanced,Medium
13,Riya Singh,50,Engineer,Delhi,2025-06,63126,12188,6344,3995,2066,5265,3530,11547,8337,53272,9854,0.16,Balanced,Medium
13,Riya Singh,50,Engineer,Delhi,2025-07,61199,9401,9084,3517,9770,1823,5529,0,6149,45273,15926,0.26,Balanced,Medium
13,Riya Singh,50,Engineer,Delhi,2025-08,59969,11031,4877,3556,6086,4549,3384,12505,4308,50296,9673,0.16,Balanced,Medium
13,Riya Singh,50,Engineer,Delhi,2025-09,58685,14004,10210,3925,3944,4936,3710,0,4865,45594,13091,0.22,Balanced,Medium
13,Riya Singh,50,Engineer,Delhi,2025-10,66436,8704,10619,2891,9246,5159,1698,8785,9541,56643,9793,0.15,Balanced,Medium
13,Riya Singh,50,Engineer,Delhi,2025-11,58535,14141,8485,4951,6427,4840,2387,7381,10974,59586,0,0.0,High Spender,High
13,Riya Singh,50,Engineer,Delhi,2025-12,60694,13875,7778,5242,10063,2952,5860,7945,8855,62570,0,0.0,High Spender,High
14,Dev Yadav,26,Manager,Delhi,2025-01,73735,13391,6527,5126,6282,7034,4847,0,13380,56587,17148,0.23,Balanced,Medium
14,Dev Yadav,26,Manager,Delhi,2025-02,63172,17200,9197,3000,2985,1984,2413,6041,7535,50355,12817,0.2,Balanced,Medium
14,Dev Yadav,26,Manager,Delhi,2025-03,62237,9545,7483,4195,8315,4670,6900,4481,5568,51157,11080,0.18,Balanced,Medium
14,Dev Yadav,26,Manager,Delhi,2025-04,71086,10954,6245,6308,10244,2086,1470,7333,6883,51523,19563,0.28,Balanced,Medium
14,Dev Yadav,26,Manager,Delhi,2025-05,62018,12138,8417,3963,11406,4715,2519,0,9793,52951,9067,0.15,Balanced,Medium
14,Dev Yadav,26,Manager,Delhi,2025-06,71771,8688,11775,4504,9017,5255,4315,9143,9600,62297,9474,0.13,High Spender,High
14,Dev Yadav,26,Manager,Delhi,2025-07,70810,9351,10175,5277,2467,4869,6091,0,10771,49001,21809,0.31,Investor,Low
14,Dev Yadav,26,Manager,Delhi,2025-08,67676,16319,6391,3041,6811,2040,1273,13797,8003,57675,10001,0.15,Balanced,Medium
14,Dev Yadav,26,Manager,Delhi,2025-09,72491,14794,11385,3244,7537,3899,5038,3863,7870,57630,14861,0.21,Balanced,Medium
14,Dev Yadav,26,Manager,Delhi,2025-10,73297,14585,8309,7249,13076,3487,2167,13724,15274,77871,0,0.0,High Spender,High
14,Dev Yadav,26,Manager,Delhi,2025-11,65157,9823,9859,2536,12729,1759,828,9535,10365,57434,7723,0.12,High Spender,High
14,Dev Yadav,26,Manager,Delhi,2025-12,60550,11126,5500,2013,10277,3512,6774,0,12582,51784,8766,0.14,High Spender,High
15,Shruti Choudhary,45,Designer,Pune,2025-01,110616,17034,16227,6863,17660,3109,1985,3605,22665,89148,21468,0.19,Balanced,Medium
15,Shruti Choudhary,45,Designer,Pune,2025-02,120000,14657,20063,4765,9910,9217,2974,6027,6821,74434,45566,0.38,Investor,Low
15,Shruti Choudhary,45,Designer,Pune,2025-03,109591,20702,15800,10451,4305,7167,822,4947,18089,82283,27308,0.25,Balanced,Medium
15,Shruti Choudhary,45,Designer,Pune,2025-04,115886,22184,9434,6617,15138,11011,1772,10789,18514,95459,20427,0.18,Balanced,Medium
15,Shruti Choudhary,45,Designer,Pune,2025-05,110615,24680,11197,4493,3610,2254,6101,0,27358,79693,30922,0.28,Balanced,Medium
15,Shruti Choudhary,45,Designer,Pune,2025-06,110701,17149,10199,6981,8504,7253,4192,0,13635,67913,42788,0.39,Investor,Low
15,Shruti Choudhary,45,Designer,Pune,2025-07,121499,28451,20114,9851,5385,8540,6310,11160,22344,112155,9344,0.08,High Spender,High
15,Shruti Choudhary,45,Designer,Pune,2025-08,113419,30187,9670,3656,4570,10283,6124,0,14493,78983,34436,0.3,Investor,Low
15,Shruti Choudhary,45,Designer,Pune,2025-09,114376,27074,11048,10324,12887,2834,3511,12420,16465,96563,17813,0.16,Balanced,Medium
15,Shruti Choudhary,45,Designer,Pune,2025-10,111984,16034,17887,6207,15636,7881,3923,10814,23026,101408,10576,0.09,High Spender,High
15,Shruti Choudhary,45,Designer,Pune,2025-11,116674,31640,18488,8129,9299,2899,5832,14522,26124,116933,0,0.0,High Spender,High
15,Shruti Choudhary,45,Designer,Pune,2025-12,121147,33484,19762,8732,9989,6576,2516,9171,22650,112880,8267,0.07,High Spender,High
16,Kavya Mehta,49,Freelancer,Jaipur,2025-01,66452,10823,6361,6275,10616,5492,2863,0,6962,49392,17060,0.26,Balanced,Medium
16,Kavya Mehta,49,Freelancer,Jaipur,2025-02,76088,18836,10255,6421,8749,4775,4923,12071,15938,81968,0,0.0,High Spender,High
16,Kavya Mehta,49,Freelancer,Jaipur,2025-03,65426,16096,9959,6461,5404,1609,3739,0,15388,58656,6770,0.1,High Spender,High
16,Kavya Mehta,49,Freelancer,Jaipur,2025-04,71750,17233,11420,4461,3222,6064,6825,0,9301,58526,13224,0.18,Balanced,Medium
16,Kavya Mehta,49,Freelancer,Jaipur,2025-05,70679,18624,11910,4702,7846,4745,2049,0,4837,54713,15966,0.23,Balanced,Medium
16,Kavya Mehta,49,Freelancer,Jaipur,2025-06,75346,17493,8761,5237,7415,4624,1720,0,17670,62920,12426,0.16,Balanced,Medium
16,Kavya Mehta,49,Freelancer,Jaipur,2025-07,70224,12629,6363,5217,11506,2281,5392,3497,7451,54336,15888,0.23,Balanced,Medium
16,Kavya Mehta,49,Freelancer,Jaipur,2025-08,72090,8888,6009,7160,12776,4246,5146,6499,16948,67672,4418,0.06,High Spender,High
16,Kavya Mehta,49,Freelancer,Jaipur,2025-09,66727,12554,11653,5585,11290,6477,2580,3620,6018,59777,6950,0.1,High Spender,High
16,Kavya Mehta,49,Freelancer,Jaipur,2025-10,65104,11752,5387,2111,6044,4976,4488,4051,15262,54071,11033,0.17,Balanced,Medium
16,Kavya Mehta,49,Freelancer,Jaipur,2025-11,73716,20160,7793,5124,10239,7114,5986,11298,6378,74092,0,0.0,High Spender,High
16,Kavya Mehta,49,Freelancer,Jaipur,2025-12,76064,11071,13431,7562,5148,1756,2596,0,17536,59100,16964,0.22,Balanced,Medium
17,Tanya Sharma,24,Freelancer,Pune,2025-01,125126,27961,22340,4242,6833,10059,2129,14090,21015,108669,16457,0.13,High Spender,High
17,Tanya Sharma,24,Freelancer,Pune,2025-02,120238,29009,10886,6333,8860,3598,4442,0,16626,79754,40484,0.34,Investor,Low
17,Tanya Sharma,24,Freelancer,Pune,2025-03,126239,18040,18653,3898,19179,4495,795,0,8275,73335,52904,0.42,Investor,Low
17,Tanya Sharma,24,Freelancer,Pune,2025-04,123145,31855,20795,4899,13057,3418,3654,0,17297,94975,28170,0.23,Balanced,Medium
17,Tanya Sharma,24,Freelancer,Pune,2025-05,118575,20348,12259,4516,10935,5520,6529,0,22854,82961,35614,0.3,Investor,Low
17,Tanya Sharma,24,Freelancer,Pune,2025-06,122075,32019,15124,4938,12342,4851,708,7441,14270,91693,30382,0.25,Balanced,Medium
17,Tanya Sharma,24,Freelancer,Pune,2025-07,115758,18718,10525,7169,12966,3735,4706,0,18751,76570,39188,0.34,Investor,Low
17,Tanya Sharma,24,Freelancer,Pune,2025-08,126694,21005,13401,5588,11646,12578,2455,0,16220,82893,43801,0.35,Investor,Low
17,Tanya Sharma,24,Freelancer,Pune,2025-09,119818,31559,10274,9687,9573,11776,631,10243,18231,101974,17844,0.15,Balanced,Medium
17,Tanya Sharma,24,Freelancer,Pune,2025-10,120267,14469,19630,8041,7407,6593,3850,6576,19756,86322,33945,0.28,Balanced,Medium
17,Tanya Sharma,24,Freelancer,Pune,2025-11,115271,29387,15234,5317,6899,7844,1216,12970,23314,102181,13090,0.11,High Spender,High
17,Tanya Sharma,24,Freelancer,Pune,2025-12,115881,17725,16367,9217,19464,7721,2157,0,21837,94488,21393,0.18,Balanced,Medium
18,Ananya Jain,24,Manager,Mumbai,2025-01,70723,15719,12345,2568,7045,5731,1591,13903,7048,65950,4773,0.07,High Spender,High
18,Ananya Jain,24,Manager,Mumbai,2025-02,66156,16741,7721,2741,6158,4471,538,8835,16125,63330,2826,0.04,High Spender,High
18,Ananya Jain,24,Manager,Mumbai,2025-03,58098,8094,8799,5063,10290,2653,6326,0,6292,47517,10581,0.18,Balanced,Medium
18,Ananya Jain,24,Manager,Mumbai,2025-04,58694,16002,7599,3869,7054,3696,669,0,5560,44449,14245,0.24,Balanced,Medium
18,Ananya Jain,24,Manager,Mumbai,2025-05,59918,8799,6662,4126,11528,1291,6225,6196,3207,48034,11884,0.2,Balanced,Medium
18,Ananya Jain,24,Manager,Mumbai,2025-06,66750,14811,8436,3116,7043,3207,1269,0,3940,41822,24928,0.37,Investor,Low
18,Ananya Jain,24,Manager,Mumbai,2025-07,58946,11457,8169,4910,2871,1752,1621,0,13098,43878,15068,0.26,Balanced,Medium
18,Ananya Jain,24,Manager,Mumbai,2025-08,59342,13470,7489,3427,11345,1274,5701,9369,10053,62128,0,0.0,High Spender,High
18,Ananya Jain,24,Manager,Mumbai,2025-09,66806,13635,7987,6406,10827,3145,2469,8489,14604,67562,0,0.0,High Spender,High
18,Ananya Jain,24,Manager,Mumbai,2025-10,66177,16458,11334,5760,11521,1607,4738,5402,6608,63428,2749,0.04,High Spender,High
18,Ananya Jain,24,Manager,Mumbai,2025-11,63846,14435,5181,2402,3950,2933,2144,0,6071,37116,26730,0.42,Investor,Low
18,Ananya Jain,24,Manager,Mumbai,2025-12,63823,17560,10062,6100,8784,5408,829,3563,14908,67214,0,0.0,High Spender,High
19,Kavya Singh,55,Engineer,Pune,2025-01,37278,5199,3033,1735,1368,1082,3347,0,2761,18525,18753,0.5,Investor,Low
19,Kavya Singh,55,Engineer,Pune,2025-02,42909,11733,7384,3994,1903,2884,1715,0,6536,36149,6760,0.16,Balanced,Medium
19,Kavya Singh,55,Engineer,Pune,2025-03,37983,10122,5231,1868,5891,3009,2852,0,6839,35812,2171,0.06,High Spender,High
19,Kavya Singh,55,Engineer,Pune,2025-04,36469,7577,4255,3370,2976,2123,3043,0,4257,27601,8868,0.24,Balanced,Medium
19,Kavya Singh,55,Engineer,Pune,2025-05,36266,7325,4290,2574,1161,1748,2454,8307,5377,33236,3030,0.08,High Spender,High
19,Kavya Singh,55,Engineer,Pune,2025-06,37839,9858,3844,1285,1275,2425,5463,8701,6869,39720,0,0.0,High Spender,High
19,Kavya Singh,55,Engineer,Pune,2025-07,41643,7581,5163,3393,2022,1582,6051,5531,4889,36212,5431,0.13,High Spender,High
19,Kavya Singh,55,Engineer,Pune,2025-08,38947,5548,3904,2833,3000,3392,1278,10786,8061,38802,145,0.0,High Spender,High
19,Kavya Singh,55,Engineer,Pune,2025-09,44781,9902,6732,2638,2130,2365,5005,0,6698,35470,9311,0.21,Balanced,Medium
19,Kavya Singh,55,Engineer,Pune,2025-10,42543,6123,7019,2108,5770,1228,4205,14348,4578,45379,0,0.0,High Spender,High
19,Kavya Singh,55,Engineer,Pune,2025-11,38950,6499,4637,2682,3714,1782,6947,11184,5406,42851,0,0.0,High Spender,High
19,Kavya Singh,55,Engineer,Pune,2025-12,36191,7451,5801,2189,3405,1395,3204,0,8749,32194,3997,0.11,High Spender,High
20,Ayaan Jain,21,Engineer,Jaipur,2025-01,62881,16559,6915,4247,5226,4376,4081,11477,8042,60923,1958,0.03,High Spender,High
20,Ayaan Jain,21,Engineer,Jaipur,2025-02,59486,7525,8781,3671,1889,1514,2378,4621,7428,37807,21679,0.36,Investor,Low
20,Ayaan Jain,21,Engineer,Jaipur,2025-03,60194,13469,10404,2455,3731,3232,3790,10211,11335,58627,1567,0.03,High Spender,High
20,Ayaan Jain,21,Engineer,Jaipur,2025-04,65856,16499,6392,3441,12929,5669,4699,0,11932,61561,4295,0.07,High Spender,High
20,Ayaan Jain,21,Engineer,Jaipur,2025-05,58457,13467,9473,5805,10579,3137,1781,11586,12464,68292,0,0.0,High Spender,High
20,Ayaan Jain,21,Engineer,Jaipur,2025-06,57030,11450,5635,2439,7819,3892,3393,0,10741,45369,11661,0.2,Balanced,Medium
20,Ayaan Jain,21,Engineer,Jaipur,2025-07,53801,13236,5954,4215,1649,2386,1306,0,9879,38625,15176,0.28,Balanced,Medium
20,Ayaan Jain,21,Engineer,Jaipur,2025-08,56847,8415,8919,3961,10124,5209,4713,0,7516,48857,7990,0.14,High Spender,High
20,Ayaan Jain,21,Engineer,Jaipur,2025-09,55616,7967,7332,3651,1942,1451,4780,11035,9599,47757,7859,0.14,High Spender,High
20,Ayaan Jain,21,Engineer,Jaipur,2025-10,66841,16579,9692,5208,8582,2106,2451,8797,5606,59021,7820,0.12,High Spender,High
20,Ayaan Jain,21,Engineer,Jaipur,2025-11,57994,12792,9623,5587,2361,2049,5611,0,3533,41556,16438,0.28,Balanced,Medium
20,Ayaan Jain,21,Engineer,Jaipur,2025-12,60113,12817,10577,3653,8141,2401,860,0,6790,45239,14874,0.25,Balanced,Medium
21,Tanya Agarwal,40,Developer,Pune,2025-01,61144,16920,5304,4733,8849,4083,3887,8065,13761,65602,0,0.0,High Spender,High
21,Tanya Agarwal,40,Developer,Pune,2025-02,60961,7534,10169,2202,3589,3067,562,7762,9894,44779,16182,0.27,Balanced,Medium
21,Tanya Agarwal,40,Developer,Pune,2025-03,54907,9531,9177,2938,7726,5320,3959,0,6999,45650,9257,0.17,Balanced,Medium
21,Tanya Agarwal,40,Developer,Pune,2025-04,60676,10034,6293,1968,8672,2870,1777,0,4157,35771,24905,0.41,Investor,Low
21,Tanya Agarwal,40,Developer,Pune,2025-05,57443,11900,9118,3954,6284,4801,2467,5608,6926,51058,6385,0.11,High Spender,High
21,Tanya Agarwal,40,Developer,Pune,2025-06,64861,11987,9270,4582,5223,3766,2174,6723,12003,55728,9133,0.14,High Spender,High
21,Tanya Agarwal,40,Developer,Pune,2025-07,64599,18066,9017,3929,12809,4055,3810,0,4851,56537,8062,0.12,High Spender,High
21,Tanya Agarwal,40,Developer,Pune,2025-08,65324,9122,8577,4440,4962,5339,3652,0,7326,43418,21906,0.34,Investor,Low
21,Tanya Agarwal,40,Developer,Pune,2025-09,59413,13885,8880,5010,4121,2083,1392,4115,12538,52024,7389,0.12,High Spender,High
21,Tanya Agarwal,40,Developer,Pune,2025-10,65451,10963,5667,3389,4482,1969,6371,9536,7931,50308,15143,0.23,Balanced,Medium
21,Tanya Agarwal,40,Developer,Pune,2025-11,66859,17746,10530,6137,11795,2044,2765,0,8244,59261,7598,0.11,High Spender,High
21,Tanya Agarwal,40,Developer,Pune,2025-12,66122,14955,7613,3893,9392,5021,2535,9562,15288,68259,0,0.0,High Spender,High
22,Arjun Gupta,39,Teacher,Mumbai,2025-01,111837,17342,16523,6523,14924,6090,6701,0,14108,82211,29626,0.26,Balanced,Medium
22,Arjun Gupta,39,Teacher,Mumbai,2025-02,100453,20931,14359,9634,12654,3838,4578,14741,23620,104355,0,0.0,High Spender,High
22,Arjun Gupta,39,Teacher,Mumbai,2025-03,110790,25425,12730,3331,19036,9097,2845,0,27124,99588,11202,0.1,High Spender,High
22,Arjun Gupta,39,Teacher,Mumbai,2025-04,110969,15290,17660,4961,20580,8873,1205,9835,27700,106104,4865,0.04,High Spender,High
22,Arjun Gupta,39,Teacher,Mumbai,2025-05,109892,27758,11881,3988,20976,5925,3287,14331,16674,104820,5072,0.05,High Spender,High
22,Arjun Gupta,39,Teacher,Mumbai,2025-06,110896,25696,13621,7300,20824,3350,6741,0,26666,104198,6698,0.06,High Spender,High
22,Arjun Gupta,39,Teacher,Mumbai,2025-07,113330,28209,12026,7734,22076,8046,4955,0,27507,110553,2777,0.02,High Spender,High
22,Arjun Gupta,39,Teacher,Mumbai,2025-08,102564,18179,12427,4522,8491,3171,6291,10969,10007,74057,28507,0.28,Balanced,Medium
22,Arjun Gupta,39,Teacher,Mumbai,2025-09,103771,12550,15477,4079,14419,7870,1592,0,17382,73369,30402,0.29,Balanced,Medium
22,Arjun Gupta,39,Teacher,Mumbai,2025-10,103755,17988,16760,7094,16526,3479,5960,5536,22607,95950,7805,0.08,High Spender,High
22,Arjun Gupta,39,Teacher,Mumbai,2025-11,106464,26934,9735,5350,9718,3887,994,7601,9520,73739,32725,0.31,Investor,Low
22,Arjun Gupta,39,Teacher,Mumbai,2025-12,111306,18858,19621,4596,11760,7294,2871,0,6579,71579,39727,0.36,Investor,Low
23,Yash Agarwal,26,Manager,Pune,2025-01,56441,12598,9915,3622,9214,2581,3443,4490,9908,55771,670,0.01,High Spender,High
23,Yash Agarwal,26,Manager,Pune,2025-02,66629,14952,7005,3146,3569,1480,6844,0,7280,44276,22353,0.34,Investor,Low
23,Yash Agarwal,26,Manager,Pune,2025-03,57702,15805,7648,5348,8421,1625,6388,8084,7263,60582,0,0.0,High Spender,High
23,Yash Agarwal,26,Manager,Pune,2025-04,65264,16449,7310,3641,8072,3233,2577,0,3801,45083,20181,0.31,Investor,Low
23,Yash Agarwal,26,Manager,Pune,2025-05,63946,15887,11005,6394,6301,1537,2273,11099,9585,64081,0,0.0,High Spender,High
23,Yash Agarwal,26,Manager,Pune,2025-06,57239,15986,8028,4227,3097,2186,1632,10261,3888,49305,7934,0.14,High Spender,High
23,Yash Agarwal,26,Manager,Pune,2025-07,55313,14166,7076,2504,5161,1247,5503,11376,4349,51382,3931,0.07,High Spender,High
23,Yash Agarwal,26,Manager,Pune,2025-08,55838,12611,7340,3321,4889,3076,5956,0,7022,44215,11623,0.21,Balanced,Medium
23,Yash Agarwal,26,Manager,Pune,2025-09,54727,10447,7461,2975,3459,1466,3151,11466,7425,47850,6877,0.13,High Spender,High
23,Yash Agarwal,26,Manager,Pune,2025-10,63419,16830,10561,6228,12272,4413,991,14841,10897,77033,0,0.0,High Spender,High
23,Yash Agarwal,26,Manager,Pune,2025-11,59525,12524,7268,3321,8429,1842,3313,0,13073,49770,9755,0.16,Balanced,Medium
23,Yash Agarwal,26,Manager,Pune,2025-12,58304,13327,7272,2096,8295,2901,5257,9821,9095,58064,240,0.0,High Spender,High
24,Aadhya Agarwal,46,Freelancer,Jaipur,2025-01,52742,14502,5289,4350,3566,4587,5822,0,8235,46351,6391,0.12,High Spender,High
24,Aadhya Agarwal,46,Freelancer,Jaipur,2025-02,53906,12584,5536,3345,6576,4082,6525,0,11875,50523,3383,0.06,High Spender,High
24,Aadhya Agarwal,46,Freelancer,Jaipur,2025-03,60917,8026,7550,5509,7529,4700,6700,0,8650,48664,12253,0.2,Balanced,Medium
24,Aadhya Agarwal,46,Freelancer,Jaipur,2025-04,61023,11149,5926,5931,7671,5003,1620,0,7986,45286,15737,0.26,Balanced,Medium
24,Aadhya Agarwal,46,Freelancer,Jaipur,2025-05,50558,9078,4121,3620,3348,2224,6295,5221,11714,45621,4937,0.1,High Spender,High
24,Aadhya Agarwal,46,Freelancer,Jaipur,2025-06,51221,11237,8564,3555,9525,4592,1876,9012,10798,59159,0,0.0,High Spender,High
24,Aadhya Agarwal,46,Freelancer,Jaipur,2025-07,61844,14155,10053,2386,5777,4884,3424,14825,3630,59134,2710,0.04,High Spender,High
24,Aadhya Agarwal,46,Freelancer,Jaipur,2025-08,59677,10536,6897,3157,7908,1356,6031,6972,7213,50070,9607,0.16,Balanced,Medium
24,Aadhya Agarwal,46,Freelancer,Jaipur,2025-09,61154,11709,10018,4323,3015,1325,1404,4208,5323,41325,19829,0.32,Investor,Low
24,Aadhya Agarwal,46,Freelancer,Jaipur,2025-10,58865,15833,9852,4524,10133,3947,2550,11821,14113,72773,0,0.0,High Spender,High
24,Aadhya Agarwal,46,Freelancer,Jaipur,2025-11,50011,6199,8974,3205,5614,1126,790,0,8706,34614,15397,0.31,Investor,Low
24,Aadhya Agarwal,46,Freelancer,Jaipur,2025-12,60347,13802,7196,3820,3434,5286,3722,0,7373,44633,15714,0.26,Balanced,Medium
25,Ananya Mehta,40,Designer,Pune,2025-01,102585,15779,16610,8299,8856,5895,3397,0,12012,70848,31737,0.31,Investor,Low
25,Ananya Mehta,40,Designer,Pune,2025-02,109790,19038,9008,6824,21704,2594,1694,0,11476,72338,37452,0.34,Investor,Low
25,Ananya Mehta,40,Designer,Pune,2025-03,106348,13841,19050,5846,13559,7099,1639,0,24780,85814,20534,0.19,Balanced,Medium
25,Ananya Mehta,40,Designer,Pune,2025-04,114500,15485,11441,6851,14564,3196,6987,0,25712,84236,30264,0.26,Balanced,Medium
25,Ananya Mehta,40,Designer,Pune,2025-05,104182,23859,11501,8692,16223,6325,5703,7017,23396,102716,1466,0.01,High Spender,High
25,Ananya Mehta,40,Designer,Pune,2025-06,113595,21009,9774,6089,9649,11254,4444,11253,25995,99467,14128,0.12,High Spender,High
25,Ananya Mehta,40,Designer,Pune,2025-07,115128,18140,13230,4546,3595,10324,4212,9635,14876,78558,36570,0.32,Investor,Low
25,Ananya Mehta,40,Designer,Pune,2025-08,114524,19284,11096,3967,9305,5116,6452,12369,7409,74998,39526,0.35,Investor,Low
25,Ananya Mehta,40,Designer,Pune,2025-09,104986,22397,9239,4463,13509,10393,3424,14309,20392,98126,6860,0.07,High Spender,High
25,Ananya Mehta,40,Designer,Pune,2025-10,102979,26174,11525,4352,18805,6561,6713,5696,10028,89854,13125,0.13,High Spender,High
25,Ananya Mehta,40,Designer,Pune,2025-11,102198,15833,12259,4499,13540,9108,5809,0,10050,71098,31100,0.3,Investor,Low
25,Ananya Mehta,40,Designer,Pune,2025-12,102800,28177,14402,3654,17230,9256,3294,0,5243,81256,21544,0.21,Balanced,Medium
26,Ishaan Choudhary,21,Manager,Jaipur,2025-01,53084,9145,8224,4003,5250,3945,3267,0,11819,45653,7431,0.14,High Spender,High
26,Ishaan Choudhary,21,Manager,Jaipur,2025-02,60861,7746,8680,3250,6940,4128,2605,0,3356,36705,24156,0.4,Investor,Low
26,Ishaan Choudhary,21,Manager,Jaipur,2025-03,53007,11145,9475,1798,7122,4130,3196,0,2847,39713,13294,0.25,Balanced,Medium
26,Ishaan Choudhary,21,Manager,Jaipur,2025-04,51264,7321,8034,1860,8631,2761,4912,0,9302,42821,8443,0.16,Balanced,Medium
26,Ishaan Choudhary,21,Manager,Jaipur,2025-05,57672,12226,5940,4227,9705,3356,759,13605,10399,60217,0,0.0,High Spender,High
26,Ishaan Choudhary,21,Manager,Jaipur,2025-06,56818,15703,7120,2811,6759,5413,1580,0,9183,48569,8249,0.15,Balanced,Medium
26,Ishaan Choudhary,21,Manager,Jaipur,2025-07,49450,11119,7784,2738,9801,1891,6697,0,8650,48680,770,0.02,High Spender,High
26,Ishaan Choudhary,21,Manager,Jaipur,2025-08,49818,6457,6485,3430,3034,4741,3495,0,11167,38809,11009,0.22,Balanced,Medium
26,Ishaan Choudhary,21,Manager,Jaipur,2025-09,60580,8840,5022,5117,4315,5972,4587,6492,13945,54290,6290,0.1,High Spender,High
26,Ishaan Choudhary,21,Manager,Jaipur,2025-10,54189,10491,6089,5052,2618,4263,1036,13575,10016,53140,1049,0.02,High Spender,High
26,Ishaan Choudhary,21,Manager,Jaipur,2025-11,53561,6941,7306,3143,9975,5120,5637,0,5376,43498,10063,0.19,Balanced,Medium
26,Ishaan Choudhary,21,Manager,Jaipur,2025-12,52113,12167,5429,2855,4451,2816,2782,7889,4863,43252,8861,0.17,Balanced,Medium
27,Aadhya Gupta,51,Freelancer,Delhi,2025-01,63961,8580,5142,5823,4634,2915,5499,12790,5910,51293,12668,0.2,Balanced,Medium
27,Aadhya Gupta,51,Freelancer,Delhi,2025-02,60186,15724,6077,5528,5492,4958,4096,5986,13409,61270,0,0.0,High Spender,High
27,Aadhya Gupta,51,Freelancer,Delhi,2025-03,64207,14743,10305,2609,11888,1969,2979,5470,4463,54426,9781,0.15,Balanced,Medium
27,Aadhya Gupta,51,Freelancer,Delhi,2025-04,62096,12066,7433,3663,8641,4547,3749,0,10373,50472,11624,0.19,Balanced,Medium
27,Aadhya Gupta,51,Freelancer,Delhi,2025-05,62631,15453,9328,2044,7253,2413,4026,0,12256,52773,9858,0.16,Balanced,Medium
27,Aadhya Gupta,51,Freelancer,Delhi,2025-06,60123,16745,6712,5501,3034,3546,1612,11608,3037,51795,8328,0.14,High Spender,High
27,Aadhya Gupta,51,Freelancer,Delhi,2025-07,63000,14468,5971,5145,7252,1826,3396,0,7552,45610,17390,0.28,Balanced,Medium
27,Aadhya Gupta,51,Freelancer,Delhi,2025-08,62856,16123,11138,2871,2659,4795,624,7335,4009,49554,13302,0.21,Balanced,Medium
27,Aadhya Gupta,51,Freelancer,Delhi,2025-09,60039,9091,5090,5119,11517,2484,3168,0,10844,47313,12726,0.21,Balanced,Medium
27,Aadhya Gupta,51,Freelancer,Delhi,2025-10,68244,11269,7716,4007,13571,5433,2700,9541,7756,61993,6251,0.09,High Spender,High
27,Aadhya Gupta,51,Freelancer,Delhi,2025-11,66199,12000,6297,5512,11908,5580,5701,0,11357,58355,7844,0.12,High Spender,High
27,Aadhya Gupta,51,Freelancer,Delhi,2025-12,63504,14668,9716,6310,10817,4640,1211,0,14714,62076,1428,0.02,High Spender,High
28,Vivaan Jain,41,Accountant,Pune,2025-01,112728,21742,15530,7117,15787,6498,3304,12704,10921,93603,19125,0.17,Balanced,Medium
28,Vivaan Jain,41,Accountant,Pune,2025-02,117870,29069,19677,6466,4820,11560,2682,13040,7590,94904,22966,0.19,Balanced,Medium
28,Vivaan Jain,41,Accountant,Pune,2025-03,120620,24955,12342,8790,9051,11181,4377,14822,18624,104142,16478,0.14,High Spender,High
28,Vivaan Jain,41,Accountant,Pune,2025-04,115365,24378,20758,3992,18312,5667,2178,0,24534,99819,15546,0.13,High Spender,High
28,Vivaan Jain,41,Accountant,Pune,2025-05,111466,25390,10616,8507,6711,10677,5841,3708,14072,85522,25944,0.23,Balanced,Medium
28,Vivaan Jain,41,Accountant,Pune,2025-06,121190,31288,14882,7114,18111,6060,3488,8843,17034,106820,14370,0.12,High Spender,High
28,Vivaan Jain,41,Accountant,Pune,2025-07,108998,17875,11886,6674,5341,7713,6485,0,5578,61552,47446,0.44,Investor,Low
28,Vivaan Jain,41,Accountant,Pune,2025-08,109695,19603,14487,5115,10205,5178,3622,0,17687,75897,33798,0.31,Investor,Low
28,Vivaan Jain,41,Accountant,Pune,2025-09,107570,22728,9226,4570,16360,4514,3154,0,11088,71640,35930,0.33,Investor,Low
28,Vivaan Jain,41,Accountant,Pune,2025-10,114734,15444,16477,10340,7375,6178,6990,7758,26859,97421,17313,0.15,Balanced,Medium
28,Vivaan Jain,41,Accountant,Pune,2025-11,119310,22764,13925,9530,9567,6279,5809,12952,14373,95199,24111,0.2,Balanced,Medium
28,Vivaan Jain,41,Accountant,Pune,2025-12,113870,29145,10583,8346,22342,10036,5253,0,20851,106556,7314,0.06,High Spender,High
29,Rohan Verma,26,Accountant,Bengaluru,2025-01,80159,14937,13913,6012,13192,2294,5116,10578,15245,81287,0,0.0,High Spender,High
29,Rohan Verma,26,Accountant,Bengaluru,2025-02,78690,14666,10021,7265,8244,4666,4692,0,15587,65141,13549,0.17,Balanced,Medium
29,Rohan Verma,26,Accountant,Bengaluru,2025-03,78126,16146,13482,3951,6728,3984,4267,0,7354,55912,22214,0.28,Balanced,Medium
29,Rohan Verma,26,Accountant,Bengaluru,2025-04,72808,15388,5937,4716,12682,2712,4221,0,13994,59650,13158,0.18,Balanced,Medium
29,Rohan Verma,26,Accountant,Bengaluru,2025-05,79455,20505,10729,6543,13778,2480,3833,0,9065,66933,12522,0.16,Balanced,Medium
29,Rohan Verma,26,Accountant,Bengaluru,2025-06,74662,15150,6017,7407,5726,3060,3064,9286,13647,63357,11305,0.15,Balanced,Medium
29,Rohan Verma,26,Accountant,Bengaluru,2025-07,76440,15969,10021,4541,2957,3390,3614,10145,8484,59121,17319,0.23,Balanced,Medium
29,Rohan Verma,26,Accountant,Bengaluru,2025-08,73703,9458,9852,4139,8027,4357,5282,5314,17400,63829,9874,0.13,High Spender,High
29,Rohan Verma,26,Accountant,Bengaluru,2025-09,77144,11729,13263,5317,2985,3482,4866,4108,18536,64286,12858,0.17,Balanced,Medium
29,Rohan Verma,26,Accountant,Bengaluru,2025-10,85035,14606,9128,7289,6765,6534,5350,13006,11156,73834,11201,0.13,High Spender,High
29,Rohan Verma,26,Accountant,Bengaluru,2025-11,83469,15957,14006,2841,8658,5938,901,0,17767,66068,17401,0.21,Balanced,Medium
29,Rohan Verma,26,Accountant,Bengaluru,2025-12,79690,11859,13725,5520,13237,4770,6020,14803,16765,86699,0,0.0,High Spender,High
30,Diya Gupta,30,Sales Executive,Pune,2025-01,40849,5524,6471,3944,4105,2970,2610,14570,7646,47840,0,0.0,High Spender,High
30,Diya Gupta,30,Sales Executive,Pune,2025-02,35756,9257,6163,1406,2046,1991,6710,6812,6843,41228,0,0.0,High Spender,High
30,Diya Gupta,30,Sales Executive,Pune,2025-03,45005,6509,7704,2372,7786,1446,5950,6781,11018,49566,0,0.0,High Spender,High
30,Diya Gupta,30,Sales Executive,Pune,2025-04,38587,6976,5559,1760,4737,1060,4304,0,5246,29642,8945,0.23,Balanced,Medium
30,Diya Gupta,30,Sales Executive,Pune,2025-05,44343,8168,3719,2422,6286,1633,5874,0,4795,32897,11446,0.26,Balanced,Medium
30,Diya Gupta,30,Sales Executive,Pune,2025-06,38920,4781,6155,3590,7208,1402,2793,0,3513,29442,9478,0.24,Balanced,Medium
30,Diya Gupta,30,Sales Executive,Pune,2025-07,40927,6686,6929,3649,2808,3845,765,0,9964,34646,6281,0.15,Balanced,Medium
30,Diya Gupta,30,Sales Executive,Pune,2025-08,38860,5871,3700,1981,2301,1865,4440,7053,7712,34923,3937,0.1,High Spender,High
30,Diya Gupta,30,Sales Executive,Pune,2025-09,36150,4972,5899,3131,5531,2038,6619,0,7504,35694,456,0.01,High Spender,High
30,Diya Gupta,30,Sales Executive,Pune,2025-10,42978,7861,3592,1408,5521,2279,6205,5162,7117,39145,3833,0.09,High Spender,High
30,Diya Gupta,30,Sales Executive,Pune,2025-11,39001,5155,5957,3174,3553,2847,1237,0,8520,30443,8558,0.22,Balanced,Medium
30,Diya Gupta,30,Sales Executive,Pune,2025-12,46929,9237,4453,1716,8420,1378,4564,0,5389,35157,11772,0.25,Balanced,Medium
31,Krishna Gupta,55,Engineer,Pune,2025-01,59595,16204,6457,4104,11797,5522,6452,0,13594,64130,0,0.0,High Spender,High
31,Krishna Gupta,55,Engineer,Pune,2025-02,53831,7370,4595,4598,8033,1985,6592,0,10766,43939,9892,0.18,Balanced,Medium
31,Krishna Gupta,55,Engineer,Pune,2025-03,56101,14281,10087,3348,7636,1613,5167,0,10254,52386,3715,0.07,High Spender,High
31,Krishna Gupta,55,Engineer,Pune,2025-04,57149,8996,7973,4850,8620,1427,2513,4196,14092,52667,4482,0.08,High Spender,High
31,Krishna Gupta,55,Engineer,Pune,2025-05,54259,8376,8534,2291,4428,1449,6718,0,2829,34625,19634,0.36,Investor,Low
31,Krishna Gupta,55,Engineer,Pune,2025-06,60333,14833,5021,5140,3328,3674,1869,5477,12310,51652,8681,0.14,High Spender,High
31,Krishna Gupta,55,Engineer,Pune,2025-07,56922,8635,5804,3026,11151,5679,6984,0,8507,49786,7136,0.13,High Spender,High
31,Krishna Gupta,55,Engineer,Pune,2025-08,66351,11465,5766,4793,2697,5927,912,8990,4543,45093,21258,0.32,Investor,Low
31,Krishna Gupta,55,Engineer,Pune,2025-09,65338,17995,9034,5634,7431,5342,4565,5210,14092,69303,0,0.0,High Spender,High
31,Krishna Gupta,55,Engineer,Pune,2025-10,58547,15501,9045,5168,9740,3936,4066,9321,11686,68463,0,0.0,High Spender,High
31,Krishna Gupta,55,Engineer,Pune,2025-11,63309,12982,11053,2412,12322,5254,2564,0,5672,52259,11050,0.17,Balanced,Medium
31,Krishna Gupta,55,Engineer,Pune,2025-12,61086,12819,10247,4291,11524,5568,911,9422,12750,67532,0,0.0,High Spender,High
32,Saanvi Rathore,45,Developer,Jaipur,2025-01,60619,13791,9649,4633,11135,3281,2996,3073,8960,57518,3101,0.05,High Spender,High
32,Saanvi Rathore,45,Developer,Jaipur,2025-02,50196,13661,8423,3176,5011,2206,1694,0,3344,37515,12681,0.25,Balanced,Medium
32,Saanvi Rathore,45,Developer,Jaipur,2025-03,56382,14384,8002,2844,2534,2350,6244,10242,10272,56872,0,0.0,High Spender,High
32,Saanvi Rathore,45,Developer,Jaipur,2025-04,63153,10020,6418,4667,5927,5792,3692,7447,15254,59217,3936,0.06,High Spender,High
32,Saanvi Rathore,45,Developer,Jaipur,2025-05,55866,8200,6433,4866,10052,5410,3027,11186,13472,62646,0,0.0,High Spender,High
32,Saanvi Rathore,45,Developer,Jaipur,2025-06,58231,14355,8190,5239,11331,2985,574,0,4119,46793,11438,0.2,Balanced,Medium
32,Saanvi Rathore,45,Developer,Jaipur,2025-07,53957,10399,8683,2566,4850,1514,5027,11419,4155,48613,5344,0.1,High Spender,High
32,Saanvi Rathore,45,Developer,Jaipur,2025-08,62271,16377,9130,2198,8474,3457,2923,8928,11347,62834,0,0.0,High Spender,High
32,Saanvi Rathore,45,Developer,Jaipur,2025-09,60282,13853,10475,5220,2420,4362,4541,0,3701,44572,15710,0.26,Balanced,Medium
32,Saanvi Rathore,45,Developer,Jaipur,2025-10,63606,16670,5845,3587,5272,3879,1747,14941,3626,55567,8039,0.13,High Spender,High
32,Saanvi Rathore,45,Developer,Jaipur,2025-11,55257,10896,4459,5280,4207,1934,5224,0,13788,45788,9469,0.17,Balanced,Medium
32,Saanvi Rathore,45,Developer,Jaipur,2025-12,52772,12643,7607,2620,8423,2284,4958,3422,8424,50381,2391,0.05,High Spender,High
33,Dev Bansal,26,Developer,Bengaluru,2025-01,118923,27416,12813,4915,15195,10235,4861,0,10721,86156,32767,0.28,Balanced,Medium
33,Dev Bansal,26,Developer,Bengaluru,2025-02,126250,32873,12147,10312,7450,5675,938,12621,30842,112858,13392,0.11,High Spender,High
33,Dev Bansal,26,Developer,Bengaluru,2025-03,125752,34545,22159,5419,10386,12009,2116,13169,29628,129431,0,0.0,High Spender,High
33,Dev Bansal,26,Developer,Bengaluru,2025-04,119625,16430,12682,6887,11428,11614,2686,0,28131,89858,29767,0.25,Balanced,Medium
33,Dev Bansal,26,Developer,Bengaluru,2025-05,123223,23663,20172,9192,20007,5567,1745,7569,22460,110375,12848,0.1,High Spender,High
33,Dev Bansal,26,Developer,Bengaluru,2025-06,126916,28847,19705,6254,11633,11853,4836,0,12938,96066,30850,0.24,Balanced,Medium
33,Dev Bansal,26,Developer,Bengaluru,2025-07,125659,15315,16740,9910,10297,8566,3447,0,28546,92821,32838,0.26,Balanced,Medium
33,Dev Bansal,26,Developer,Bengaluru,2025-08,122008,16522,17114,10734,20966,9387,3014,0,29703,107440,14568,0.12,High Spender,High
33,Dev Bansal,26,Developer,Bengaluru,2025-09,123406,29466,11326,7190,21358,10264,3299,9553,18506,110962,12444,0.1,High Spender,High
33,Dev Bansal,26,Developer,Bengaluru,2025-10,118539,20857,11684,10788,14272,7313,5983,0,10977,81874,36665,0.31,Investor,Low
33,Dev Bansal,26,Developer,Bengaluru,2025-11,124193,16213,15067,8091,21712,9118,5233,10086,11523,97043,27150,0.22,Balanced,Medium
33,Dev Bansal,26,Developer,Bengaluru,2025-12,124960,20469,20553,10645,21559,4010,6001,0,28699,111936,13024,0.1,High Spender,High
34,Tanya Sharma,45,Freelancer,Delhi,2025-01,116399,30273,13785,10794,17581,9512,5454,11340,19966,118705,0,0.0,High Spender,High
34,Tanya Sharma,45,Freelancer,Delhi,2025-02,108530,18393,12586,7578,19645,2853,691,0,8071,69817,38713,0.36,Investor,Low
34,Tanya Sharma,45,Freelancer,Delhi,2025-03,110190,17073,13859,9198,11676,6641,4151,0,6382,68980,41210,0.37,Investor,Low
34,Tanya Sharma,45,Freelancer,Delhi,2025-04,118418,23069,15201,5990,22400,11507,4847,0,11080,94094,24324,0.21,Balanced,Medium
34,Tanya Sharma,45,Freelancer,Delhi,2025-05,117863,29616,12749,11570,15107,9081,2326,0,25005,105454,12409,0.11,High Spender,High
34,Tanya Sharma,45,Freelancer,Delhi,2025-06,109254,20520,9429,8095,16734,7297,3777,9394,10407,85653,23601,0.22,Balanced,Medium
34,Tanya Sharma,45,Freelancer,Delhi,2025-07,105759,26298,18627,5611,20904,2719,4414,0,14411,92984,12775,0.12,High Spender,High
34,Tanya Sharma,45,Freelancer,Delhi,2025-08,116047,30272,16451,5030,15627,3359,1856,0,7576,80171,35876,0.31,Investor,Low
34,Tanya Sharma,45,Freelancer,Delhi,2025-09,113320,13898,17875,9668,17714,9276,2148,12179,22610,105368,7952,0.07,High Spender,High
34,Tanya Sharma,45,Freelancer,Delhi,2025-10,105238,28118,16022,8457,4279,3836,606,13511,17001,91830,13408,0.13,High Spender,High
34,Tanya Sharma,45,Freelancer,Delhi,2025-11,115145,16832,16491,11445,9439,2710,1935,14326,15452,88630,26515,0.23,Balanced,Medium
34,Tanya Sharma,45,Freelancer,Delhi,2025-12,105344,26200,13221,3913,5071,3403,6869,10721,26137,95535,9809,0.09,High Spender,High
35,Shruti Rathore,41,Accountant,Delhi,2025-01,42924,9020,5614,1916,3126,931,2081,14636,10261,47585,0,0.0,High Spender,High
35,Shruti Rathore,41,Accountant,Delhi,2025-02,42772,8121,6554,2433,7186,3734,1596,0,3089,32713,10059,0.24,Balanced,Medium
35,Shruti Rathore,41,Accountant,Delhi,2025-03,46194,9869,5445,1415,7906,3828,4298,0,10523,43284,2910,0.06,High Spender,High
35,Shruti Rathore,41,Accountant,Delhi,2025-04,43021,11453,7135,2309,5383,2449,6799,0,2214,37742,5279,0.12,High Spender,High
35,Shruti Rathore,41,Accountant,Delhi,2025-05,37618,9966,4448,1402,4909,1132,2137,10209,6184,40387,0,0.0,High Spender,High
35,Shruti Rathore,41,Accountant,Delhi,2025-06,44695,10264,7660,3723,5673,3465,4355,5768,8062,48970,0,0.0,High Spender,High
35,Shruti Rathore,41,Accountant,Delhi,2025-07,45962,12795,6971,2889,8259,3147,1469,11158,2874,49562,0,0.0,High Spender,High
35,Shruti Rathore,41,Accountant,Delhi,2025-08,38178,9468,6449,1158,4819,3039,2336,0,3761,31030,7148,0.19,Balanced,Medium
35,Shruti Rathore,41,Accountant,Delhi,2025-09,37547,9327,3146,1254,2661,3546,2298,0,8863,31095,6452,0.17,Balanced,Medium
35,Shruti Rathore,41,Accountant,Delhi,2025-10,44732,9505,5429,1471,4900,2608,1350,0,3909,29172,15560,0.35,Investor,Low
35,Shruti Rathore,41,Accountant,Delhi,2025-11,47491,9719,6724,2499,5540,4584,3626,0,10461,43153,4338,0.09,High Spender,High
35,Shruti Rathore,41,Accountant,Delhi,2025-12,43376,9704,3841,3006,5820,3615,4903,0,7906,38795,4581,0.11,High Spender,High
36,Kavya Singh,50,Developer,Jaipur,2025-01,105593,16194,10425,6915,18197,3875,6301,0,19465,81372,24221,0.23,Balanced,Medium
36,Kavya Singh,50,Developer,Jaipur,2025-02,95195,20755,8437,6318,13822,2572,2457,0,11758,66119,29076,0.31,Investor,Low
36,Kavya Singh,50,Developer,Jaipur,2025-03,98346,16667,10775,6352,12584,4601,2073,0,6392,59444,38902,0.4,Investor,Low
36,Kavya Singh,50,Developer,Jaipur,2025-04,95249,21836,14928,4283,9097,9400,5505,0,22219,87268,7981,0.08,High Spender,High
36,Kavya Singh,50,Developer,Jaipur,2025-05,105391,25327,9272,3320,4217,8256,5989,0,23185,79566,25825,0.25,Balanced,Medium
36,Kavya Singh,50,Developer,Jaipur,2025-06,100444,24928,8586,7363,8022,4061,1598,7139,22023,83720,16724,0.17,Balanced,Medium
36,Kavya Singh,50,Developer,Jaipur,2025-07,93851,16133,8397,5725,18465,6787,4377,13208,9839,82931,10920,0.12,High Spender,High
36,Kavya Singh,50,Developer,Jaipur,2025-08,97478,11902,13040,5249,11938,4731,3192,0,22221,72273,25205,0.26,Balanced,Medium
36,Kavya Singh,50,Developer,Jaipur,2025-09,106405,14118,10228,3455,18592,5745,3260,0,16754,72152,34253,0.32,Investor,Low
36,Kavya Singh,50,Developer,Jaipur,2025-10,100891,14707,13427,7616,12261,9588,3838,0,18115,79552,21339,0.21,Balanced,Medium
36,Kavya Singh,50,Developer,Jaipur,2025-11,96959,16093,16546,3001,7197,7491,1944,13004,16759,82035,14924,0.15,Balanced,Medium
36,Kavya Singh,50,Developer,Jaipur,2025-12,96113,22154,14859,7950,6943,3899,726,0,17129,73660,22453,0.23,Balanced,Medium
37,Kavya Bansal,30,Teacher,Pune,2025-01,40288,7355,3537,3266,4877,1042,1110,0,7835,29022,11266,0.28,Balanced,Medium
37,Kavya Bansal,30,Teacher,Pune,2025-02,39526,10874,5879,1942,6355,1353,1319,7176,5097,39995,0,0.0,High Spender,High
37,Kavya Bansal,30,Teacher,Pune,2025-03,40318,9286,5019,3265,1859,3813,3304,0,2263,28809,11509,0.29,Balanced,Medium
37,Kavya Bansal,30,Teacher,Pune,2025-04,42481,10429,3851,1895,3807,1989,5619,0,2741,30331,12150,0.29,Balanced,Medium
37,Kavya Bansal,30,Teacher,Pune,2025-05,30369,4412,4431,2158,4324,1046,1676,0,6601,24648,5721,0.19,Balanced,Medium
37,Kavya Bansal,30,Teacher,Pune,2025-06,29840,5409,4333,2085,2027,751,621,0,7078,22304,7536,0.25,Balanced,Medium
37,Kavya Bansal,30,Teacher,Pune,2025-07,34725,6187,5287,1378,5693,1393,3500,0,7795,31233,3492,0.1,High Spender,High
37,Kavya Bansal,30,Teacher,Pune,2025-08,41944,6146,6546,3995,1472,3015,2294,9294,4117,36879,5065,0.12,High Spender,High
37,Kavya Bansal,30,Teacher,Pune,2025-09,36632,5936,2958,1354,3449,1815,2808,3481,5043,26844,9788,0.27,Balanced,Medium
37,Kavya Bansal,30,Teacher,Pune,2025-10,30800,4237,4174,1985,3042,1810,1923,6780,4252,28203,2597,0.08,High Spender,High
37,Kavya Bansal,30,Teacher,Pune,2025-11,30841,4642,3287,1883,2178,1452,969,0,4527,18938,11903,0.39,Investor,Low
37,Kavya Bansal,30,Teacher,Pune,2025-12,32439,6814,5418,3158,5704,934,4037,0,3177,29242,3197,0.1,High Spender,High
38,Reyansh Choudhary,41,Sales Executive,Jaipur,2025-01,38709,6288,6673,2410,5973,1004,4211,13338,2693,42590,0,0.0,High Spender,High
38,Reyansh Choudhary,41,Sales Executive,Jaipur,2025-02,35486,8022,4120,1361,7001,2076,1974,0,6228,30782,4704,0.13,High Spender,High
38,Reyansh Choudhary,41,Sales Executive,Jaipur,2025-03,44185,8940,3642,2780,6887,2782,2417,0,7963,35411,8774,0.2,Balanced,Medium
38,Reyansh Choudhary,41,Sales Executive,Jaipur,2025-04,33265,6053,5611,1747,1234,2947,5877,0,6318,29787,3478,0.1,High Spender,High
38,Reyansh Choudhary,41,Sales Executive,Jaipur,2025-05,31145,6717,5299,1113,2083,712,4096,0,3453,23473,7672,0.25,Balanced,Medium
38,Reyansh Choudhary,41,Sales Executive,Jaipur,2025-06,36033,7686,6267,2094,5241,757,4466,0,5239,31750,4283,0.12,High Spender,High
38,Reyansh Choudhary,41,Sales Executive,Jaipur,2025-07,39271,10073,6057,3027,2595,3631,2076,0,4397,31856,7415,0.19,Balanced,Medium
38,Reyansh Choudhary,41,Sales Executive,Jaipur,2025-08,43739,8443,4488,4255,3704,2298,3311,0,7160,33659,10080,0.23,Balanced,Medium
38,Reyansh Choudhary,41,Sales Executive,Jaipur,2025-09,43505,6348,7082,1305,5798,1767,4220,10783,3373,40676,2829,0.07,High Spender,High
38,Reyansh Choudhary,41,Sales Executive,Jaipur,2025-10,34828,7311,3740,2059,6434,3478,1608,12525,7916,45071,0,0.0,High Spender,High
38,Reyansh Choudhary,41,Sales Executive,Jaipur,2025-11,31821,4672,3891,1133,5387,2647,2574,0,7065,27369,4452,0.14,High Spender,High
38,Reyansh Choudhary,41,Sales Executive,Jaipur,2025-12,43086,7024,7505,2522,1670,4014,1352,3286,2762,30135,12951,0.3,Investor,Low
39,Rohini Gupta,29,Developer,Jaipur,2025-01,95561,24445,15357,7237,11197,2802,2496,11185,21955,96674,0,0.0,High Spender,High
39,Rohini Gupta,29,Developer,Jaipur,2025-02,98534,14861,8631,9146,12509,3401,6169,0,13046,67763,30771,0.31,Investor,Low
39,Rohini Gupta,29,Developer,Jaipur,2025-03,97969,15791,15891,7746,3889,7307,2239,14011,20565,87439,10530,0.11,High Spender,High
39,Rohini Gupta,29,Developer,Jaipur,2025-04,89544,17119,10208,7454,17238,8164,4313,0,21995,86491,3053,0.03,High Spender,High
39,Rohini Gupta,29,Developer,Jaipur,2025-05,90844,24824,9149,5326,17575,8358,2404,9075,11447,88158,2686,0.03,High Spender,High
39,Rohini Gupta,29,Developer,Jaipur,2025-06,97486,23659,9042,4443,6486,4024,792,0,22120,70566,26920,0.28,Balanced,Medium
39,Rohini Gupta,29,Developer,Jaipur,2025-07,99479,18634,8732,7039,18921,6581,3413,8654,11231,83205,16274,0.16,Balanced,Medium
39,Rohini Gupta,29,Developer,Jaipur,2025-08,102680,20235,8395,7938,5889,5090,5655,0,18165,71367,31313,0.3,Investor,Low
39,Rohini Gupta,29,Developer,Jaipur,2025-09,100935,21675,15836,5636,17618,7257,1838,4060,22198,96118,4817,0.05,High Spender,High
39,Rohini Gupta,29,Developer,Jaipur,2025-10,101949,21838,10177,3165,12328,7957,2731,0,21376,79572,22377,0.22,Balanced,Medium
39,Rohini Gupta,29,Developer,Jaipur,2025-11,103101,15229,15422,3121,7123,4248,6325,0,5648,57116,45985,0.45,Investor,Low
39,Rohini Gupta,29,Developer,Jaipur,2025-12,90738,24457,16060,3666,7895,5606,3122,7780,18102,86688,4050,0.04,High Spender,High
40,Avni Singh,42,Engineer,Jaipur,2025-01,57262,9304,4944,1927,11195,1748,6470,8384,8609,52581,4681,0.08,High Spender,High
40,Avni Singh,42,Engineer,Jaipur,2025-02,56912,8544,9839,3939,2203,1839,6174,9927,6205,48670,8242,0.14,High Spender,High
40,Avni Singh,42,Engineer,Jaipur,2025-03,54873,8598,8764,4726,2525,3670,2067,14595,11567,56512,0,0.0,High Spender,High
40,Avni Singh,42,Engineer,Jaipur,2025-04,67565,16914,9610,5928,7447,3705,607,0,4836,49047,18518,0.27,Balanced,Medium
40,Avni Singh,42,Engineer,Jaipur,2025-05,64987,12553,10078,4230,7714,3024,967,0,12664,51230,13757,0.21,Balanced,Medium
40,Avni Singh,42,Engineer,Jaipur,2025-06,58221,11763,5888,4672,6242,2060,2006,6352,14500,53483,4738,0.08,High Spender,High
40,Avni Singh,42,Engineer,Jaipur,2025-07,58873,8300,5074,3673,5157,4493,6080,14500,7612,54889,3984,0.07,High Spender,High
40,Avni Singh,42,Engineer,Jaipur,2025-08,63168,14869,5405,4588,2852,1511,4708,0,5372,39305,23863,0.38,Investor,Low
40,Avni Singh,42,Engineer,Jaipur,2025-09,64913,16901,8190,2845,3267,3930,4770,8944,10116,58963,5950,0.09,High Spender,High
40,Avni Singh,42,Engineer,Jaipur,2025-10,67305,8883,9819,4957,7022,1705,5976,0,9417,47779,19526,0.29,Balanced,Medium
40,Avni Singh,42,Engineer,Jaipur,2025-11,68564,13459,10369,5754,6389,3822,6436,0,4867,51096,17468,0.25,Balanced,Medium
40,Avni Singh,42,Engineer,Jaipur,2025-12,62067,8320,10690,2440,10917,5925,5067,0,8886,52245,9822,0.16,Balanced,Medium
41,Kavya Sharma,40,Teacher,Mumbai,2025-01,85840,11477,10248,3140,16635,2068,2859,0,13391,59818,26022,0.3,Investor,Low
41,Kavya Sharma,40,Teacher,Mumbai,2025-02,88795,11658,8559,5969,15239,2977,1922,9338,17011,72673,16122,0.18,Balanced,Medium
41,Kavya Sharma,40,Teacher,Mumbai,2025-03,83262,11633,8682,8161,4153,3394,6567,14799,12035,69424,13838,0.17,Balanced,Medium
41,Kavya Sharma,40,Teacher,Mumbai,2025-04,80354,17408,8748,5027,12191,6325,1561,6172,5737,63169,17185,0.21,Balanced,Medium
41,Kavya Sharma,40,Teacher,Mumbai,2025-05,90650,18319,14523,2895,10622,7717,6196,5433,10215,75920,14730,0.16,Balanced,Medium
41,Kavya Sharma,40,Teacher,Mumbai,2025-06,89274,21350,10191,3850,9028,7653,2398,12419,4649,71538,17736,0.2,Balanced,Medium
41,Kavya Sharma,40,Teacher,Mumbai,2025-07,89831,14435,7540,2930,17929,3434,3103,7357,9909,66637,23194,0.26,Balanced,Medium
41,Kavya Sharma,40,Teacher,Mumbai,2025-08,87446,15430,10303,3298,6000,8111,3863,0,18660,65665,21781,0.25,Balanced,Medium
41,Kavya Sharma,40,Teacher,Mumbai,2025-09,87878,21852,15735,7114,13913,7473,2574,11266,11084,91011,0,0.0,High Spender,High
41,Kavya Sharma,40,Teacher,Mumbai,2025-10,91081,15405,9470,7279,13120,2221,1914,0,20168,69577,21504,0.24,Balanced,Medium
41,Kavya Sharma,40,Teacher,Mumbai,2025-11,89517,23247,12018,8394,14762,7824,4233,8559,18492,97529,0,0.0,High Spender,High
41,Kavya Sharma,40,Teacher,Mumbai,2025-12,90140,21617,14759,7306,8234,2264,1469,0,20787,76436,13704,0.15,Balanced,Medium
42,Aarav Mehta,44,Teacher,Pune,2025-01,37025,8833,3696,2308,3640,3117,3597,8077,4209,37477,0,0.0,High Spender,High
42,Aarav Mehta,44,Teacher,Pune,2025-02,34519,8194,3836,3147,4399,982,5312,0,5067,30937,3582,0.1,High Spender,High
42,Aarav Mehta,44,Teacher,Pune,2025-03,35690,4350,6266,1638,2335,2263,5896,0,6458,29206,6484,0.18,Balanced,Medium
42,Aarav Mehta,44,Teacher,Pune,2025-04,38180,4794,5310,2300,5802,2074,1256,6011,8173,35720,2460,0.06,High Spender,High
42,Aarav Mehta,44,Teacher,Pune,2025-05,41792,9996,3767,3576,5543,1029,3504,0,5270,32685,9107,0.22,Balanced,Medium
42,Aarav Mehta,44,Teacher,Pune,2025-06,40498,5358,4927,2142,8041,2480,2030,0,7439,32417,8081,0.2,Balanced,Medium
42,Aarav Mehta,44,Teacher,Pune,2025-07,31215,6766,3677,2753,5712,1034,643,0,6982,27567,3648,0.12,High Spender,High
42,Aarav Mehta,44,Teacher,Pune,2025-08,34794,4472,2976,2273,6375,3065,6352,0,5294,30807,3987,0.11,High Spender,High
42,Aarav Mehta,44,Teacher,Pune,2025-09,31398,6580,2962,2328,5230,1692,5432,14265,5363,43852,0,0.0,High Spender,High
42,Aarav Mehta,44,Teacher,Pune,2025-10,32698,6122,4293,2052,1494,668,3286,0,6528,24443,8255,0.25,Balanced,Medium
42,Aarav Mehta,44,Teacher,Pune,2025-11,32751,6752,3380,2866,2275,1113,2154,0,6545,25085,7666,0.23,Balanced,Medium
42,Aarav Mehta,44,Teacher,Pune,2025-12,40534,8717,4117,3588,4140,2467,4500,3028,9073,39630,904,0.02,High Spender,High
43,Avni Verma,47,Designer,Mumbai,2025-01,83100,18464,14938,4447,13322,3291,2129,0,18602,75193,7907,0.1,High Spender,High
43,Avni Verma,47,Designer,Mumbai,2025-02,86130,18855,9501,3560,5783,2308,2082,12662,6450,61201,24929,0.29,Balanced,Medium
43,Avni Verma,47,Designer,Mumbai,2025-03,85140,12717,10895,5175,16637,5014,2769,0,12291,65498,19642,0.23,Balanced,Medium
43,Avni Verma,47,Designer,Mumbai,2025-04,88628,12686,8589,3113,13225,8628,3804,4645,17442,72132,16496,0.19,Balanced,Medium
43,Avni Verma,47,Designer,Mumbai,2025-05,85787,15125,12788,4927,4795,7647,5190,0,5003,55475,30312,0.35,Investor,Low
43,Avni Verma,47,Designer,Mumbai,2025-06,93141,22032,10752,6901,17365,4855,4043,13154,7571,86673,6468,0.07,High Spender,High
43,Avni Verma,47,Designer,Mumbai,2025-07,90977,20564,13965,8774,4976,4482,3766,0,10736,67263,23714,0.26,Balanced,Medium
43,Avni Verma,47,Designer,Mumbai,2025-08,82851,17224,9963,3543,4111,7605,719,13098,17507,73770,9081,0.11,High Spender,High
43,Avni Verma,47,Designer,Mumbai,2025-09,87511,17441,10181,8108,7829,5474,3163,13472,6410,72078,15433,0.18,Balanced,Medium
43,Avni Verma,47,Designer,Mumbai,2025-10,84459,15366,11901,7180,6275,4192,3676,4100,17912,70602,13857,0.16,Balanced,Medium
43,Avni Verma,47,Designer,Mumbai,2025-11,90583,18681,9745,4824,15367,2972,6152,0,5900,63641,26942,0.3,Investor,Low
43,Avni Verma,47,Designer,Mumbai,2025-12,83724,10843,13442,3372,5756,2060,2661,0,20042,58176,25548,0.31,Investor,Low
44,Diya Choudhary,26,Designer,Bengaluru,2025-01,45941,11011,7619,2618,2105,4127,6672,0,11272,45424,517,0.01,High Spender,High
44,Diya Choudhary,26,Designer,Bengaluru,2025-02,45912,6127,4409,1502,3935,3468,1880,4840,3783,29944,15968,0.35,Investor,Low
44,Diya Choudhary,26,Designer,Bengaluru,2025-03,48252,7314,5587,4626,3071,1431,4059,8329,6359,40776,7476,0.15,Balanced,Medium
44,Diya Choudhary,26,Designer,Bengaluru,2025-04,52597,8269,9333,5240,7889,1788,1973,5494,9215,49201,3396,0.06,High Spender,High
44,Diya Choudhary,26,Designer,Bengaluru,2025-05,56023,7251,7452,4350,2000,3090,6979,0,7860,38982,17041,0.3,Investor,Low
44,Diya Choudhary,26,Designer,Bengaluru,2025-06,45665,9871,5192,2635,8693,4052,6942,0,6820,44205,1460,0.03,High Spender,High
44,Diya Choudhary,26,Designer,Bengaluru,2025-07,56566,10257,8432,1715,9409,4688,4717,3091,7513,49822,6744,0.12,High Spender,High
44,Diya Choudhary,26,Designer,Bengaluru,2025-08,56254,8452,6640,4297,4879,3283,5251,0,6371,39173,17081,0.3,Investor,Low
44,Diya Choudhary,26,Designer,Bengaluru,2025-09,51458,7746,9229,2303,7353,3559,535,12500,5848,49073,2385,0.05,High Spender,High
44,Diya Choudhary,26,Designer,Bengaluru,2025-10,57699,12092,9237,3091,7357,3674,2753,4359,13619,56182,1517,0.03,High Spender,High
44,Diya Choudhary,26,Designer,Bengaluru,2025-11,57689,7351,7084,2064,5794,2511,4658,0,3891,33353,24336,0.42,Investor,Low
44,Diya Choudhary,26,Designer,Bengaluru,2025-12,58019,8202,6825,5300,7719,3181,6450,0,11375,49052,8967,0.15,Balanced,Medium
45,Riya Rathore,27,Engineer,Bengaluru,2025-01,119511,18442,17380,5910,11112,11185,4602,11634,24353,104618,14893,0.12,High Spender,High
45,Riya Rathore,27,Engineer,Bengaluru,2025-02,125956,31408,19630,7801,22270,6562,6212,0,7464,101347,24609,0.2,Balanced,Medium
45,Riya Rathore,27,Engineer,Bengaluru,2025-03,128307,18371,18983,4329,25405,8118,6565,5148,22758,109677,18630,0.15,Balanced,Medium
45,Riya Rathore,27,Engineer,Bengaluru,2025-04,120776,31071,12798,7904,12756,2662,1170,0,17260,85621,35155,0.29,Balanced,Medium
45,Riya Rathore,27,Engineer,Bengaluru,2025-05,122292,31816,10767,6159,21129,8401,1619,0,21892,101783,20509,0.17,Balanced,Medium
45,Riya Rathore,27,Engineer,Bengaluru,2025-06,128343,25671,14584,5321,24139,7432,6937,6667,13079,103830,24513,0.19,Balanced,Medium
45,Riya Rathore,27,Engineer,Bengaluru,2025-07,115606,17963,19727,8427,22552,9444,5667,9277,10687,103744,11862,0.1,High Spender,High
45,Riya Rathore,27,Engineer,Bengaluru,2025-08,121429,32324,19496,9439,19016,4682,4295,0,28492,117744,3685,0.03,High Spender,High
45,Riya Rathore,27,Engineer,Bengaluru,2025-09,117237,23834,10782,6128,21243,10925,4352,10693,27743,115700,1537,0.01,High Spender,High
45,Riya Rathore,27,Engineer,Bengaluru,2025-10,123835,22144,16767,10319,16122,4082,1281,9024,29962,109701,14134,0.11,High Spender,High
45,Riya Rathore,27,Engineer,Bengaluru,2025-11,116907,23356,12656,6209,14989,4004,6811,3469,10628,82122,34785,0.3,Investor,Low
45,Riya Rathore,27,Engineer,Bengaluru,2025-12,116639,31852,14641,6515,18925,11087,6197,8936,27979,126132,0,0.0,High Spender,High
46,Riya Mehta,55,Designer,Mumbai,2025-01,54594,8214,5967,4350,8220,3653,3944,0,8769,43117,11477,0.21,Balanced,Medium
46,Riya Mehta,55,Designer,Mumbai,2025-02,48056,9725,7028,3975,3379,1385,2848,0,8921,37261,10795,0.22,Balanced,Medium
46,Riya Mehta,55,Designer,Mumbai,2025-03,56369,12785,6012,5537,2530,2392,5156,0,8626,43038,13331,0.24,Balanced,Medium
46,Riya Mehta,55,Designer,Mumbai,2025-04,50419,13331,7005,4421,1624,1826,1968,0,4644,34819,15600,0.31,Investor,Low
46,Riya Mehta,55,Designer,Mumbai,2025-05,46677,7598,7843,3084,3967,4542,3818,0,2961,33813,12864,0.28,Balanced,Medium
46,Riya Mehta,55,Designer,Mumbai,2025-06,58290,13501,7137,5133,10591,3564,4004,0,14031,57961,329,0.01,High Spender,High
46,Riya Mehta,55,Designer,Mumbai,2025-07,45577,12714,6486,3452,2615,3558,5015,5185,10656,49681,0,0.0,High Spender,High
46,Riya Mehta,55,Designer,Mumbai,2025-08,50748,8160,4778,2084,2811,3404,1522,5622,7640,36021,14727,0.29,Balanced,Medium
46,Riya Mehta,55,Designer,Mumbai,2025-09,54096,7323,7013,3377,8520,4230,2434,0,5266,38163,15933,0.29,Balanced,Medium
46,Riya Mehta,55,Designer,Mumbai,2025-10,57084,6902,9677,3140,9219,4954,5324,9349,6684,55249,1835,0.03,High Spender,High
46,Riya Mehta,55,Designer,Mumbai,2025-11,57220,7246,10159,5692,2192,5666,2456,0,5129,38540,18680,0.33,Investor,Low
46,Riya Mehta,55,Designer,Mumbai,2025-12,48941,6516,5538,1772,6866,2637,3027,4215,4839,35410,13531,0.28,Balanced,Medium
47,Sai Gupta,40,Developer,Mumbai,2025-01,45485,9195,7861,3233,5213,4511,6520,0,9722,46255,0,0.0,High Spender,High
47,Sai Gupta,40,Developer,Mumbai,2025-02,46861,6061,6124,2505,2222,3720,6371,6133,3918,37054,9807,0.21,Balanced,Medium
47,Sai Gupta,40,Developer,Mumbai,2025-03,44885,6890,4753,2772,3179,2574,6247,6649,3150,36214,8671,0.19,Balanced,Medium
47,Sai Gupta,40,Developer,Mumbai,2025-04,40598,5442,6038,4042,3529,1676,5994,0,2337,29058,11540,0.28,Balanced,Medium
47,Sai Gupta,40,Developer,Mumbai,2025-05,40740,9376,5013,1666,1710,2584,2655,0,5153,28157,12583,0.31,Investor,Low
47,Sai Gupta,40,Developer,Mumbai,2025-06,45063,8929,4479,3464,5148,3816,2891,4039,3397,36163,8900,0.2,Balanced,Medium
47,Sai Gupta,40,Developer,Mumbai,2025-07,35014,6911,3245,2731,5202,2319,6394,0,2541,29343,5671,0.16,Balanced,Medium
47,Sai Gupta,40,Developer,Mumbai,2025-08,39191,6208,4001,3777,2962,1318,3504,9662,3227,34659,4532,0.12,High Spender,High
47,Sai Gupta,40,Developer,Mumbai,2025-09,41087,7809,3301,1495,6304,3664,5716,5545,7944,41778,0,0.0,High Spender,High
47,Sai Gupta,40,Developer,Mumbai,2025-10,35802,8923,3193,1627,2005,3219,1189,8014,7853,36023,0,0.0,High Spender,High
47,Sai Gupta,40,Developer,Mumbai,2025-11,46185,11350,7690,3287,8996,3303,5135,0,5183,44944,1241,0.03,High Spender,High
47,Sai Gupta,40,Developer,Mumbai,2025-12,37260,7350,4237,2092,4351,2498,2323,13150,6777,42778,0,0.0,High Spender,High
48,Sai Choudhary,22,Developer,Bengaluru,2025-01,116846,17488,15561,5761,18801,8914,6898,9143,11660,94226,22620,0.19,Balanced,Medium
48,Sai Choudhary,22,Developer,Bengaluru,2025-02,115421,23869,15513,5830,19748,2602,2603,10906,22648,103719,11702,0.1,High Spender,High
48,Sai Choudhary,22,Developer,Bengaluru,2025-03,110540,26163,18373,8804,11866,2973,3452,0,23788,95419,15121,0.14,High Spender,High
48,Sai Choudhary,22,Developer,Bengaluru,2025-04,119903,22679,18405,5744,11066,2558,4992,3997,14642,84083,35820,0.3,Investor,Low
48,Sai Choudhary,22,Developer,Bengaluru,2025-05,107582,20439,15151,9929,19108,4781,2378,8577,15539,95902,11680,0.11,High Spender,High
48,Sai Choudhary,22,Developer,Bengaluru,2025-06,118842,29390,18267,7622,11025,4942,4491,0,27223,102960,15882,0.13,High Spender,High
48,Sai Choudhary,22,Developer,Bengaluru,2025-07,120959,22645,21262,6072,6823,3908,5754,0,14568,81032,39927,0.33,Investor,Low
48,Sai Choudhary,22,Developer,Bengaluru,2025-08,108045,28905,17856,5748,18884,9860,3999,0,8694,93946,14099,0.13,High Spender,High
48,Sai Choudhary,22,Developer,Bengaluru,2025-09,119900,21575,11022,11174,12555,6210,5376,0,15394,83306,36594,0.31,Investor,Low
48,Sai Choudhary,22,Developer,Bengaluru,2025-10,110096,19892,8929,6167,17550,5134,6067,0,10059,73798,36298,0.33,Investor,Low
48,Sai Choudhary,22,Developer,Bengaluru,2025-11,116545,26559,16444,5893,7462,10305,2471,6823,19486,95443,21102,0.18,Balanced,Medium
48,Sai Choudhary,22,Developer,Bengaluru,2025-12,116467,30412,10729,8154,13711,10252,1237,11356,8673,94524,21943,0.19,Balanced,Medium
49,Ayaan Agarwal,40,Developer,Mumbai,2025-01,25756,3568,4601,1206,4523,1016,5310,6941,4552,31717,0,0.0,High Spender,High
49,Ayaan Agarwal,40,Developer,Mumbai,2025-02,30531,7554,4916,1491,4944,1780,611,3890,4347,29533,998,0.03,High Spender,High
49,Ayaan Agarwal,40,Developer,Mumbai,2025-03,31831,7002,5022,2831,3922,1622,1356,7259,7568,36582,0,0.0,High Spender,High
49,Ayaan Agarwal,40,Developer,Mumbai,2025-04,23507,3989,3928,1845,974,2172,2005,0,3209,18122,5385,0.23,Balanced,Medium
49,Ayaan Agarwal,40,Developer,Mumbai,2025-05,30336,5851,5215,1648,2810,2337,1320,11365,2208,32754,0,0.0,High Spender,High
49,Ayaan Agarwal,40,Developer,Mumbai,2025-06,26772,6901,2702,2447,2431,1253,5536,12162,2859,36291,0,0.0,High Spender,High
49,Ayaan Agarwal,40,Developer,Mumbai,2025-07,23400,5122,3548,2083,2158,2310,5756,0,2707,23684,0,0.0,High Spender,High
49,Ayaan Agarwal,40,Developer,Mumbai,2025-08,35861,4957,3447,1132,6551,1354,530,0,6561,24532,11329,0.32,Investor,Low
49,Ayaan Agarwal,40,Developer,Mumbai,2025-09,29329,5212,3104,1233,4392,972,3571,0,3675,22159,7170,0.24,Balanced,Medium
49,Ayaan Agarwal,40,Developer,Mumbai,2025-10,27272,6249,4024,1766,3008,976,1917,0,5148,23088,4184,0.15,Balanced,Medium
49,Ayaan Agarwal,40,Developer,Mumbai,2025-11,26255,6558,3417,2078,4226,1908,3072,0,5075,26334,0,0.0,High Spender,High
49,Ayaan Agarwal,40,Developer,Mumbai,2025-12,34021,7438,3180,1755,4945,2166,5552,0,6272,31308,2713,0.08,High Spender,High
50,Meera Rathore,29,Manager,Bengaluru,2025-01,87790,24156,14240,6645,4223,6052,771,0,9087,65174,22616,0.26,Balanced,Medium
50,Meera Rathore,29,Manager,Bengaluru,2025-02,92639,12157,15801,8936,3147,6437,2382,0,20013,68873,23766,0.26,Balanced,Medium
50,Meera Rathore,29,Manager,Bengaluru,2025-03,90062,17348,9354,3852,7509,6371,5442,0,10565,60441,29621,0.33,Investor,Low
50,Meera Rathore,29,Manager,Bengaluru,2025-04,79864,21206,6568,6418,3082,6077,6001,7566,18689,75607,4257,0.05,High Spender,High
50,Meera Rathore,29,Manager,Bengaluru,2025-05,80213,20792,14356,4878,13258,3407,545,3965,7662,68863,11350,0.14,High Spender,High
50,Meera Rathore,29,Manager,Bengaluru,2025-06,80280,21822,11730,5128,10606,7279,3628,14457,10062,84712,0,0.0,High Spender,High
50,Meera Rathore,29,Manager,Bengaluru,2025-07,91993,17750,9169,8918,7156,7321,4681,0,17387,72382,19611,0.21,Balanced,Medium
50,Meera Rathore,29,Manager,Bengaluru,2025-08,85271,10854,7631,5183,14020,4853,3350,11212,4716,61819,23452,0.28,Balanced,Medium
50,Meera Rathore,29,Manager,Bengaluru,2025-09,91128,22103,14552,7249,8949,2988,4565,14996,7405,82807,8321,0.09,High Spender,High
50,Meera Rathore,29,Manager,Bengaluru,2025-10,91305,13207,15691,5754,10605,7574,2120,0,11016,65967,25338,0.28,Balanced,Medium
50,Meera Rathore,29,Manager,Bengaluru,2025-11,92093,24324,9795,5010,4660,3918,5360,0,10419,63486,28607,0.31,Investor,Low
50,Meera Rathore,29,Manager,Bengaluru,2025-12,92011,11069,14709,4395,15754,5904,5427,0,17494,74752,17259,0.19,Balanced,Medium
51,Reyansh Singh,27,Developer,Bengaluru,2025-01,90907,20702,15934,3930,4283,4814,4674,5442,8566,68345,22562,0.25,Balanced,Medium
51,Reyansh Singh,27,Developer,Bengaluru,2025-02,84346,15357,8003,3610,10810,2968,4391,0,11634,56773,27573,0.33,Investor,Low
51,Reyansh Singh,27,Developer,Bengaluru,2025-03,85488,16908,7686,8430,15227,4748,6787,0,13471,73257,12231,0.14,High Spender,High
51,Reyansh Singh,27,Developer,Bengaluru,2025-04,80801,20685,14430,5989,10590,7689,1908,13620,10045,84956,0,0.0,High Spender,High
51,Reyansh Singh,27,Developer,Bengaluru,2025-05,85099,21198,15155,3491,6994,3420,6505,0,18533,75296,9803,0.12,High Spender,High
51,Reyansh Singh,27,Developer,Bengaluru,2025-06,78063,11833,7851,3738,13403,3203,1994,0,8588,50610,27453,0.35,Investor,Low
51,Reyansh Singh,27,Developer,Bengaluru,2025-07,84797,13203,8841,7757,8505,6813,567,4875,16954,67515,17282,0.2,Balanced,Medium
51,Reyansh Singh,27,Developer,Bengaluru,2025-08,84645,19599,13376,8439,5546,1941,6700,9360,15259,80220,4425,0.05,High Spender,High
51,Reyansh Singh,27,Developer,Bengaluru,2025-09,85976,15715,9564,3016,16433,5241,4110,14088,14355,82522,3454,0.04,High Spender,High
51,Reyansh Singh,27,Developer,Bengaluru,2025-10,85933,21735,10964,3649,8513,7846,3839,0,13916,70462,15471,0.18,Balanced,Medium
51,Reyansh Singh,27,Developer,Bengaluru,2025-11,84794,23101,14435,8451,9875,2499,6111,9044,20829,94345,0,0.0,High Spender,High
51,Reyansh Singh,27,Developer,Bengaluru,2025-12,77453,12502,9977,3179,4859,6616,2959,0,6083,46175,31278,0.4,Investor,Low
52,Rahul Bansal,21,Freelancer,Jaipur,2025-01,77297,18182,10202,3571,3210,1846,1147,0,16088,54246,23051,0.3,Investor,Low
52,Rahul Bansal,21,Freelancer,Jaipur,2025-02,75070,18563,11173,3105,3422,5359,2949,3412,14335,62318,12752,0.17,Balanced,Medium
52,Rahul Bansal,21,Freelancer,Jaipur,2025-03,80157,14684,10431,4732,4071,4955,2958,10980,10149,62960,17197,0.21,Balanced,Medium
52,Rahul Bansal,21,Freelancer,Jaipur,2025-04,77194,20694,9109,3395,8617,5940,3602,9441,16736,77534,0,0.0,High Spender,High
52,Rahul Bansal,21,Freelancer,Jaipur,2025-05,79667,10097,9950,7263,5139,4400,6749,12986,9741,66325,13342,0.17,Balanced,Medium
52,Rahul Bansal,21,Freelancer,Jaipur,2025-06,79946,16235,9796,7650,14594,3121,5094,3272,5304,65066,14880,0.19,Balanced,Medium
52,Rahul Bansal,21,Freelancer,Jaipur,2025-07,80119,15310,13745,4101,10386,6155,1016,0,10496,61209,18910,0.24,Balanced,Medium
52,Rahul Bansal,21,Freelancer,Jaipur,2025-08,78354,18376,6419,4409,4037,4534,629,0,11812,50216,28138,0.36,Investor,Low
52,Rahul Bansal,21,Freelancer,Jaipur,2025-09,80520,10712,7170,3511,9501,2492,3914,10226,13462,60988,19532,0.24,Balanced,Medium
52,Rahul Bansal,21,Freelancer,Jaipur,2025-10,75186,19122,6367,6161,3502,7185,3844,0,16740,62921,12265,0.16,Balanced,Medium
52,Rahul Bansal,21,Freelancer,Jaipur,2025-11,71707,13514,9839,3229,12370,6382,6051,11141,6262,68788,2919,0.04,High Spender,High
52,Rahul Bansal,21,Freelancer,Jaipur,2025-12,77223,9531,9702,4075,9542,5488,4670,0,16235,59243,17980,0.23,Balanced,Medium
53,Aryan Rathore,35,Manager,Jaipur,2025-01,69833,17681,7620,3600,5032,6501,4703,0,17321,62458,7375,0.11,High Spender,High
53,Aryan Rathore,35,Manager,Jaipur,2025-02,69118,11138,11157,5034,4470,6898,5805,0,4555,49057,20061,0.29,Balanced,Medium
53,Aryan Rathore,35,Manager,Jaipur,2025-03,73024,10812,7734,5340,4598,4162,6345,0,8037,47028,25996,0.36,Investor,Low
53,Aryan Rathore,35,Manager,Jaipur,2025-04,74622,10202,9519,5631,10957,1749,2065,9423,13956,63502,11120,0.15,Balanced,Medium
53,Aryan Rathore,35,Manager,Jaipur,2025-05,64704,11642,9680,5294,9093,3376,5165,9550,5667,59467,5237,0.08,High Spender,High
53,Aryan Rathore,35,Manager,Jaipur,2025-06,63805,17506,10064,6347,6964,5559,2471,0,12314,61225,2580,0.04,High Spender,High
53,Aryan Rathore,35,Manager,Jaipur,2025-07,64323,16295,10801,3134,10540,3732,3059,12852,15873,76286,0,0.0,High Spender,High
53,Aryan Rathore,35,Manager,Jaipur,2025-08,75305,11252,10135,3191,3393,6880,4842,6473,8834,55000,20305,0.27,Balanced,Medium
53,Aryan Rathore,35,Manager,Jaipur,2025-09,63176,12884,5960,4331,12412,5368,2864,0,6538,50357,12819,0.2,Balanced,Medium
53,Aryan Rathore,35,Manager,Jaipur,2025-10,67966,18149,11888,3085,7427,3754,5671,0,4675,54649,13317,0.2,Balanced,Medium
53,Aryan Rathore,35,Manager,Jaipur,2025-11,65240,12037,6788,4667,7081,3494,5962,0,6474,46503,18737,0.29,Balanced,Medium
53,Aryan Rathore,35,Manager,Jaipur,2025-12,66195,10198,5682,4645,2344,5787,6763,0,11632,47051,19144,0.29,Balanced,Medium
54,Aadhya Kapoor,52,Designer,Bengaluru,2025-01,49078,9523,5622,2024,2223,4844,6938,13873,8335,53382,0,0.0,High Spender,High
54,Aadhya Kapoor,52,Designer,Bengaluru,2025-02,43409,10851,5932,2293,8149,2156,1336,3624,4377,38718,4691,0.11,High Spender,High
54,Aadhya Kapoor,52,Designer,Bengaluru,2025-03,52418,14100,7578,4003,9925,4310,4149,10364,7517,61946,0,0.0,High Spender,High
54,Aadhya Kapoor,52,Designer,Bengaluru,2025-04,49518,8459,4505,3633,8295,1973,6100,0,4550,37515,12003,0.24,Balanced,Medium
54,Aadhya Kapoor,52,Designer,Bengaluru,2025-05,43660,8683,4952,4211,8707,2429,6997,0,9287,45266,0,0.0,High Spender,High
54,Aadhya Kapoor,52,Designer,Bengaluru,2025-06,41183,6091,3607,2540,1360,2407,3875,0,5466,25346,15837,0.38,Investor,Low
54,Aadhya Kapoor,52,Designer,Bengaluru,2025-07,54157,7696,4603,3182,4749,3814,3905,0,9700,37649,16508,0.3,Investor,Low
54,Aadhya Kapoor,52,Designer,Bengaluru,2025-08,48514,5894,4062,4131,5011,1830,598,0,10598,32124,16390,0.34,Investor,Low
54,Aadhya Kapoor,52,Designer,Bengaluru,2025-09,54214,10173,8872,4274,10530,4714,5299,9201,2846,55909,0,0.0,High Spender,High
54,Aadhya Kapoor,52,Designer,Bengaluru,2025-10,46518,10256,5625,4517,5347,2891,1349,0,6088,36073,10445,0.22,Balanced,Medium
54,Aadhya Kapoor,52,Designer,Bengaluru,2025-11,41909,8368,5164,2737,1434,3291,4347,0,7171,32512,9397,0.22,Balanced,Medium
54,Aadhya Kapoor,52,Designer,Bengaluru,2025-12,47137,10671,5074,4449,8033,4318,2527,8756,5928,49756,0,0.0,High Spender,High
55,Kabir Bansal,24,Manager,Mumbai,2025-01,95022,25516,12986,8926,11994,9442,738,10052,21527,101181,0,0.0,High Spender,High
55,Kabir Bansal,24,Manager,Mumbai,2025-02,101570,23999,17964,7478,11300,7185,4869,3739,24314,100848,722,0.01,High Spender,High
55,Kabir Bansal,24,Manager,Mumbai,2025-03,91403,13129,13799,7228,14631,3614,5809,5698,8922,72830,18573,0.2,Balanced,Medium
55,Kabir Bansal,24,Manager,Mumbai,2025-04,97420,24740,15057,7818,19144,7947,5534,0,23467,103707,0,0.0,High Spender,High
55,Kabir Bansal,24,Manager,Mumbai,2025-05,103941,26098,9364,6314,18779,9992,1757,0,22746,95050,8891,0.09,High Spender,High
55,Kabir Bansal,24,Manager,Mumbai,2025-06,103857,17263,12158,6953,17171,2512,1500,0,13442,70999,32858,0.32,Investor,Low
55,Kabir Bansal,24,Manager,Mumbai,2025-07,100150,22939,15493,5292,4215,5045,2987,0,16633,72604,27546,0.28,Balanced,Medium
55,Kabir Bansal,24,Manager,Mumbai,2025-08,93170,23899,11735,7692,10511,8102,1489,0,19758,83186,9984,0.11,High Spender,High
55,Kabir Bansal,24,Manager,Mumbai,2025-09,94928,25097,8109,8912,7016,8720,1990,10176,23311,93331,1597,0.02,High Spender,High
55,Kabir Bansal,24,Manager,Mumbai,2025-10,93294,24942,10388,7262,13652,8201,5143,10340,19700,99628,0,0.0,High Spender,High
55,Kabir Bansal,24,Manager,Mumbai,2025-11,101084,20908,9454,9114,18312,3980,6211,0,9131,77110,23974,0.24,Balanced,Medium
55,Kabir Bansal,24,Manager,Mumbai,2025-12,96192,23337,10642,3546,7494,7861,4323,0,13327,70530,25662,0.27,Balanced,Medium
56,Aditya Rathore,46,Designer,Delhi,2025-01,48382,13026,3902,4529,4751,1454,4216,0,10872,42750,5632,0.12,High Spender,High
56,Aditya Rathore,46,Designer,Delhi,2025-02,53884,11861,4939,3113,3458,3611,4068,14702,11147,56899,0,0.0,High Spender,High
56,Aditya Rathore,46,Designer,Delhi,2025-03,55891,9945,9225,5106,2313,2989,2891,0,7676,40145,15746,0.28,Balanced,Medium
56,Aditya Rathore,46,Designer,Delhi,2025-04,54460,8996,9062,4067,6083,2744,1233,4944,3405,40534,13926,0.26,Balanced,Medium
56,Aditya Rathore,46,Designer,Delhi,2025-05,54454,14049,5752,2619,2588,3275,6795,0,8289,43367,11087,0.2,Balanced,Medium
56,Aditya Rathore,46,Designer,Delhi,2025-06,50306,14010,6445,2855,8688,4596,3581,0,8120,48295,2011,0.04,High Spender,High
56,Aditya Rathore,46,Designer,Delhi,2025-07,59031,14076,10172,4498,4858,3612,2857,8316,12756,61145,0,0.0,High Spender,High
56,Aditya Rathore,46,Designer,Delhi,2025-08,51894,13801,8852,4921,5773,5041,1638,5838,9239,55103,0,0.0,High Spender,High
56,Aditya Rathore,46,Designer,Delhi,2025-09,47439,8830,8495,1506,8260,4058,3565,6500,9511,50725,0,0.0,High Spender,High
56,Aditya Rathore,46,Designer,Delhi,2025-10,54855,15320,8384,4325,8008,1504,5717,6625,6859,56742,0,0.0,High Spender,High
56,Aditya Rathore,46,Designer,Delhi,2025-11,53974,9685,7890,4210,5788,2950,3687,0,3441,37651,16323,0.3,Investor,Low
56,Aditya Rathore,46,Designer,Delhi,2025-12,55680,7704,8626,4632,10531,4058,5172,0,5455,46178,9502,0.17,Balanced,Medium
57,Riya Yadav,53,Developer,Mumbai,2025-01,59088,10072,7643,3618,11609,3843,2195,0,12564,51544,7544,0.13,High Spender,High
57,Riya Yadav,53,Developer,Mumbai,2025-02,53694,9414,8496,4953,3768,4425,4117,11806,8407,55386,0,0.0,High Spender,High
57,Riya Yadav,53,Developer,Mumbai,2025-03,53469,12678,5201,2379,2443,1723,4822,7946,3389,40581,12888,0.24,Balanced,Medium
57,Riya Yadav,53,Developer,Mumbai,2025-04,61837,10633,7593,2393,2683,2844,6535,9603,7684,49968,11869,0.19,Balanced,Medium
57,Riya Yadav,53,Developer,Mumbai,2025-05,56588,9207,7173,2328,9033,5413,3347,5198,11459,53158,3430,0.06,High Spender,High
57,Riya Yadav,53,Developer,Mumbai,2025-06,53839,8102,9549,4148,6488,3827,1320,12091,6825,52350,1489,0.03,High Spender,High
57,Riya Yadav,53,Developer,Mumbai,2025-07,62921,16038,5114,3846,11178,5197,6388,9091,9427,66279,0,0.0,High Spender,High
57,Riya Yadav,53,Developer,Mumbai,2025-08,62155,14462,6828,5010,5562,5025,5194,8834,4139,55054,7101,0.11,High Spender,High
57,Riya Yadav,53,Developer,Mumbai,2025-09,52935,11224,8217,3771,7819,3728,5804,8161,4851,53575,0,0.0,High Spender,High
57,Riya Yadav,53,Developer,Mumbai,2025-10,65618,14685,9173,2930,12930,3777,2286,8344,13484,67609,0,0.0,High Spender,High
57,Riya Yadav,53,Developer,Mumbai,2025-11,64161,10358,9403,5356,8866,3558,6502,0,6866,50909,13252,0.21,Balanced,Medium
57,Riya Yadav,53,Developer,Mumbai,2025-12,60828,13118,9299,2666,5038,2885,1285,7862,14178,56331,4497,0.07,High Spender,High
58,Ayaan Yadav,30,Designer,Bengaluru,2025-01,59321,10663,8239,5780,4839,4793,3887,7424,14099,59724,0,0.0,High Spender,High
58,Ayaan Yadav,30,Designer,Bengaluru,2025-02,62050,15039,9174,5860,5486,4509,6469,0,7199,53736,8314,0.13,High Spender,High
58,Ayaan Yadav,30,Designer,Bengaluru,2025-03,62667,15335,10011,3033,5525,4910,5801,8061,3303,55979,6688,0.11,High Spender,High
58,Ayaan Yadav,30,Designer,Bengaluru,2025-04,61869,8783,7209,4618,5456,3752,3999,0,10249,44066,17803,0.29,Balanced,Medium
58,Ayaan Yadav,30,Designer,Bengaluru,2025-05,64718,12931,7546,4285,10974,1514,3946,13207,10507,64910,0,0.0,High Spender,High
58,Ayaan Yadav,30,Designer,Bengaluru,2025-06,65199,13027,11163,3070,4815,4901,2429,0,3698,43103,22096,0.34,Investor,Low
58,Ayaan Yadav,30,Designer,Bengaluru,2025-07,68886,14035,6411,5349,7853,6121,3559,0,6094,49422,19464,0.28,Balanced,Medium
58,Ayaan Yadav,30,Designer,Bengaluru,2025-08,67672,10617,8917,4285,2549,3213,1200,7491,4976,43248,24424,0.36,Investor,Low
58,Ayaan Yadav,30,Designer,Bengaluru,2025-09,59847,12095,10101,5790,8218,3671,1717,0,6624,48216,11631,0.19,Balanced,Medium
58,Ayaan Yadav,30,Designer,Bengaluru,2025-10,66954,16228,8504,6377,5855,3470,6835,0,16287,63556,3398,0.05,High Spender,High
58,Ayaan Yadav,30,Designer,Bengaluru,2025-11,65408,9945,8802,6271,3267,5749,6842,0,7679,48555,16853,0.26,Balanced,Medium
58,Ayaan Yadav,30,Designer,Bengaluru,2025-12,59859,8163,9479,4826,5025,4475,3863,0,6549,42380,17479,0.29,Balanced,Medium
59,Riya Jain,50,Accountant,Mumbai,2025-01,69851,17490,11390,3012,4204,2538,3320,14096,6121,62171,7680,0.11,High Spender,High
59,Riya Jain,50,Accountant,Mumbai,2025-02,76830,20857,13496,2748,11501,6008,5463,0,11935,72008,4822,0.06,High Spender,High
59,Riya Jain,50,Accountant,Mumbai,2025-03,72916,13866,10171,6345,5598,1628,5133,0,7595,50336,22580,0.31,Investor,Low
59,Riya Jain,50,Accountant,Mumbai,2025-04,72475,20232,11159,3239,3979,6654,5946,14054,5525,70788,1687,0.02,High Spender,High
59,Riya Jain,50,Accountant,Mumbai,2025-05,71688,12753,12172,4332,10649,4335,1355,0,9394,54990,16698,0.23,Balanced,Medium
59,Riya Jain,50,Accountant,Mumbai,2025-06,67145,13353,8670,2696,7861,5651,1576,11250,7090,58147,8998,0.13,High Spender,High
59,Riya Jain,50,Accountant,Mumbai,2025-07,66309,10494,8353,4994,8412,6047,4689,0,16430,59419,6890,0.1,High Spender,High
59,Riya Jain,50,Accountant,Mumbai,2025-08,68442,9718,6106,3161,4712,1626,1985,0,16026,43334,25108,0.37,Investor,Low
59,Riya Jain,50,Accountant,Mumbai,2025-09,72852,18877,10609,6651,4798,3834,6648,0,5729,57146,15706,0.22,Balanced,Medium
59,Riya Jain,50,Accountant,Mumbai,2025-10,76079,16376,11986,3175,6732,6538,3237,0,10512,58556,17523,0.23,Balanced,Medium
59,Riya Jain,50,Accountant,Mumbai,2025-11,66838,15760,10329,5037,10862,4095,5106,0,12111,63300,3538,0.05,High Spender,High
59,Riya Jain,50,Accountant,Mumbai,2025-12,74563,9033,10271,4434,2916,3457,5646,0,10174,45931,28632,0.38,Investor,Low
60,Diya Choudhary,44,Developer,Delhi,2025-01,80227,14395,14215,2914,2637,6235,3737,11122,6819,62074,18153,0.23,Balanced,Medium
60,Diya Choudhary,44,Developer,Delhi,2025-02,77911,13924,8096,2421,13910,7410,2842,10622,18072,77297,614,0.01,High Spender,High
60,Diya Choudhary,44,Developer,Delhi,2025-03,79800,20255,8307,3817,11865,6682,4347,10279,5852,71404,8396,0.11,High Spender,High
60,Diya Choudhary,44,Developer,Delhi,2025-04,78997,19569,13141,7114,3905,5332,6278,14717,18405,88461,0,0.0,High Spender,High
60,Diya Choudhary,44,Developer,Delhi,2025-05,76938,14459,7814,6210,8129,5108,6956,0,5380,54056,22882,0.3,Investor,Low
60,Diya Choudhary,44,Developer,Delhi,2025-06,85590,10378,10347,5583,13016,8555,5313,6750,10144,70086,15504,0.18,Balanced,Medium
60,Diya Choudhary,44,Developer,Delhi,2025-07,85333,22437,7597,6215,14819,6676,4742,0,9855,72341,12992,0.15,Balanced,Medium
60,Diya Choudhary,44,Developer,Delhi,2025-08,85876,10565,9020,8203,5133,5154,777,0,9824,48676,37200,0.43,Investor,Low
60,Diya Choudhary,44,Developer,Delhi,2025-09,79310,11688,8772,5812,14523,4855,2586,12599,11050,71885,7425,0.09,High Spender,High
60,Diya Choudhary,44,Developer,Delhi,2025-10,87837,12733,9328,5332,16195,2919,2075,0,19788,68370,19467,0.22,Balanced,Medium
60,Diya Choudhary,44,Developer,Delhi,2025-11,87828,15208,10496,7305,8663,5094,3747,5535,20256,76304,11524,0.13,High Spender,High
60,Diya Choudhary,44,Developer,Delhi,2025-12,82918,20913,11978,3510,15404,3870,2194,9247,17842,84958,0,0.0,High Spender,High
61,Sai Rathore,50,Sales Executive,Delhi,2025-01,53761,9343,7964,3657,1634,4132,4048,0,13031,43809,9952,0.19,Balanced,Medium
61,Sai Rathore,50,Sales Executive,Delhi,2025-02,44707,6878,7255,3062,3824,1783,2885,7589,8290,41566,3141,0.07,High Spender,High
61,Sai Rathore,50,Sales Executive,Delhi,2025-03,54628,13447,8183,5022,7711,1588,864,0,8918,45733,8895,0.16,Balanced,Medium
61,Sai Rathore,50,Sales Executive,Delhi,2025-04,51865,6872,7412,4697,3254,3065,4958,8590,3070,41918,9947,0.19,Balanced,Medium
61,Sai Rathore,50,Sales Executive,Delhi,2025-05,48211,7760,7943,1842,6798,2338,5030,0,9607,41318,6893,0.14,High Spender,High
61,Sai Rathore,50,Sales Executive,Delhi,2025-06,56410,14460,7927,4498,4798,2365,5497,0,13930,53475,2935,0.05,High Spender,High
61,Sai Rathore,50,Sales Executive,Delhi,2025-07,43920,5866,5190,3083,6202,2071,2704,0,9799,34915,9005,0.21,Balanced,Medium
61,Sai Rathore,50,Sales Executive,Delhi,2025-08,53975,10934,5911,3800,9837,3466,751,6961,8245,49905,4070,0.08,High Spender,High
61,Sai Rathore,50,Sales Executive,Delhi,2025-09,51014,7230,8932,3028,6562,1695,3550,0,9184,40181,10833,0.21,Balanced,Medium
61,Sai Rathore,50,Sales Executive,Delhi,2025-10,56918,8133,7981,4822,2954,2478,6145,0,11884,44397,12521,0.22,Balanced,Medium
61,Sai Rathore,50,Sales Executive,Delhi,2025-11,49903,11168,6699,2528,2987,2790,4148,0,3761,34081,15822,0.32,Investor,Low
61,Sai Rathore,50,Sales Executive,Delhi,2025-12,49519,7016,5566,2317,4598,4114,4835,8403,11035,47884,1635,0.03,High Spender,High
62,Shruti Verma,55,Teacher,Pune,2025-01,63458,8604,10630,3334,6299,4001,1326,5950,13276,53420,10038,0.16,Balanced,Medium
62,Shruti Verma,55,Teacher,Pune,2025-02,57732,9858,5458,4809,8535,2870,3312,0,13555,48397,9335,0.16,Balanced,Medium
62,Shruti Verma,55,Teacher,Pune,2025-03,60958,11807,9826,3278,5157,3722,6607,0,7354,47751,13207,0.22,Balanced,Medium
62,Shruti Verma,55,Teacher,Pune,2025-04,64834,13284,9619,3561,8050,4360,4181,0,14716,57771,7063,0.11,High Spender,High
62,Shruti Verma,55,Teacher,Pune,2025-05,66595,17240,9512,5232,9434,3625,829,11665,10708,68245,0,0.0,High Spender,High
62,Shruti Verma,55,Teacher,Pune,2025-06,62312,9277,10677,4218,3281,2488,6070,5273,11101,52385,9927,0.16,Balanced,Medium
62,Shruti Verma,55,Teacher,Pune,2025-07,66690,16854,5343,3112,4555,5192,6677,5501,10420,57654,9036,0.14,High Spender,High
62,Shruti Verma,55,Teacher,Pune,2025-08,66094,9508,10918,5952,10512,4368,4423,0,16002,61683,4411,0.07,High Spender,High
62,Shruti Verma,55,Teacher,Pune,2025-09,66295,10416,7398,4582,10819,6227,785,8961,15003,64191,2104,0.03,High Spender,High
62,Shruti Verma,55,Teacher,Pune,2025-10,64690,14216,6011,4655,9211,3008,5833,3118,10374,56426,8264,0.13,High Spender,High
62,Shruti Verma,55,Teacher,Pune,2025-11,62488,8986,7108,4997,10621,3113,725,13627,3690,52867,9621,0.15,Balanced,Medium
62,Shruti Verma,55,Teacher,Pune,2025-12,55490,10822,4930,3219,3859,4017,5804,4280,12861,49792,5698,0.1,High Spender,High
63,Priya Choudhary,49,Freelancer,Pune,2025-01,107841,18924,19147,10453,16557,9282,1116,0,16385,91864,15977,0.15,Balanced,Medium
63,Priya Choudhary,49,Freelancer,Pune,2025-02,110673,15514,13530,10959,19019,10701,2315,0,13087,85125,25548,0.23,Balanced,Medium
63,Priya Choudhary,49,Freelancer,Pune,2025-03,105579,17292,9042,7070,8562,7802,5096,9383,21336,85583,19996,0.19,Balanced,Medium
63,Priya Choudhary,49,Freelancer,Pune,2025-04,108407,24962,16415,6827,11801,4648,828,4597,25958,96036,12371,0.11,High Spender,High
63,Priya Choudhary,49,Freelancer,Pune,2025-05,104291,15620,17312,9545,18262,8894,4500,0,10869,85002,19289,0.18,Balanced,Medium
63,Priya Choudhary,49,Freelancer,Pune,2025-06,111089,24193,15577,5889,14323,10353,3673,0,26569,100577,10512,0.09,High Spender,High
63,Priya Choudhary,49,Freelancer,Pune,2025-07,104542,18069,15865,9107,5663,8703,689,0,14880,72976,31566,0.3,Investor,Low
63,Priya Choudhary,49,Freelancer,Pune,2025-08,111014,18895,11320,7230,3371,4135,3851,11763,26797,87362,23652,0.21,Balanced,Medium
63,Priya Choudhary,49,Freelancer,Pune,2025-09,103156,21208,9026,6945,15304,7351,1097,12462,23252,96645,6511,0.06,High Spender,High
63,Priya Choudhary,49,Freelancer,Pune,2025-10,103210,27419,16074,5598,3526,4502,633,0,17169,74921,28289,0.27,Balanced,Medium
63,Priya Choudhary,49,Freelancer,Pune,2025-11,102880,21428,13673,6389,13480,4841,4861,14412,12312,91396,11484,0.11,High Spender,High
63,Priya Choudhary,49,Freelancer,Pune,2025-12,101356,27699,15630,8601,17654,5670,2434,5926,24031,107645,0,0.0,High Spender,High
64,Rohan Kapoor,51,Freelancer,Bengaluru,2025-01,110328,23372,17862,3965,21680,6995,5209,0,23124,102207,8121,0.07,High Spender,High
64,Rohan Kapoor,51,Freelancer,Bengaluru,2025-02,114719,21830,11300,6746,14974,6231,523,0,24647,86251,28468,0.25,Balanced,Medium
64,Rohan Kapoor,51,Freelancer,Bengaluru,2025-03,110096,15534,11620,9526,19429,9966,1929,0,27182,95186,14910,0.14,High Spender,High
64,Rohan Kapoor,51,Freelancer,Bengaluru,2025-04,101618,21931,11833,3180,10502,3960,5316,4734,9335,70791,30827,0.3,Investor,Low
64,Rohan Kapoor,51,Freelancer,Bengaluru,2025-05,102400,22764,10542,4722,4791,6837,1426,8313,11588,70983,31417,0.31,Investor,Low
64,Rohan Kapoor,51,Freelancer,Bengaluru,2025-06,108956,29365,17380,6860,6186,5495,4169,0,20254,89709,19247,0.18,Balanced,Medium
64,Rohan Kapoor,51,Freelancer,Bengaluru,2025-07,102755,19777,17654,3838,16118,7561,3534,0,17712,86194,16561,0.16,Balanced,Medium
64,Rohan Kapoor,51,Freelancer,Bengaluru,2025-08,113594,21124,20181,6409,6050,10131,4564,6048,12218,86725,26869,0.24,Balanced,Medium
64,Rohan Kapoor,51,Freelancer,Bengaluru,2025-09,102731,27063,18438,7085,8819,3885,5664,0,14294,85248,17483,0.17,Balanced,Medium
64,Rohan Kapoor,51,Freelancer,Bengaluru,2025-10,114563,32063,13650,10965,11940,8268,1671,0,13644,92201,22362,0.2,Balanced,Medium
64,Rohan Kapoor,51,Freelancer,Bengaluru,2025-11,106595,13904,11791,6753,16695,7509,5985,0,13925,76562,30033,0.28,Balanced,Medium
64,Rohan Kapoor,51,Freelancer,Bengaluru,2025-12,110667,13928,13630,3529,13215,7813,2157,8637,12734,75643,35024,0.32,Investor,Low
65,Ayaan Rathore,33,Freelancer,Delhi,2025-01,24616,6718,3801,2195,980,1803,612,0,1351,17460,7156,0.29,Balanced,Medium
65,Ayaan Rathore,33,Freelancer,Delhi,2025-02,26925,7426,4403,2213,2438,2344,635,13401,2108,34968,0,0.0,High Spender,High
65,Ayaan Rathore,33,Freelancer,Delhi,2025-03,21104,3064,3447,1688,2299,1386,6776,11717,1138,31515,0,0.0,High Spender,High
65,Ayaan Rathore,33,Freelancer,Delhi,2025-04,26105,6855,2135,2191,1105,1444,6935,3069,5778,29512,0,0.0,High Spender,High
65,Ayaan Rathore,33,Freelancer,Delhi,2025-05,33453,7899,5383,2852,5506,992,609,0,7544,30785,2668,0.08,High Spender,High
65,Ayaan Rathore,33,Freelancer,Delhi,2025-06,29232,7386,3847,1357,5135,866,3161,0,5486,27238,1994,0.07,High Spender,High
65,Ayaan Rathore,33,Freelancer,Delhi,2025-07,29030,5411,4561,2499,3738,2872,6844,0,1928,27853,1177,0.04,High Spender,High
65,Ayaan Rathore,33,Freelancer,Delhi,2025-08,32824,5161,3197,3277,3168,2915,3332,0,4926,25976,6848,0.21,Balanced,Medium
65,Ayaan Rathore,33,Freelancer,Delhi,2025-09,34046,6788,5113,2260,5461,1597,3886,6375,6486,37966,0,0.0,High Spender,High
65,Ayaan Rathore,33,Freelancer,Delhi,2025-10,24332,4123,4010,1985,3101,1281,5144,0,1660,21304,3028,0.12,High Spender,High
65,Ayaan Rathore,33,Freelancer,Delhi,2025-11,22259,3779,2055,743,3380,1747,5544,0,1276,18524,3735,0.17,Balanced,Medium
65,Ayaan Rathore,33,Freelancer,Delhi,2025-12,22577,5692,3204,1036,2844,1164,2703,0,4027,20670,1907,0.08,High Spender,High
66,Rohan Bansal,50,Designer,Bengaluru,2025-01,62970,12255,10428,2849,4323,2778,5230,13888,11329,63080,0,0.0,High Spender,High
66,Rohan Bansal,50,Designer,Bengaluru,2025-02,66648,18453,10613,2590,3267,2518,5890,0,14599,57930,8718,0.13,High Spender,High
66,Rohan Bansal,50,Designer,Bengaluru,2025-03,57263,11399,4616,2755,5438,2085,520,0,12670,39483,17780,0.31,Investor,Low
66,Rohan Bansal,50,Designer,Bengaluru,2025-04,56835,10589,6592,2994,1890,4943,6547,12741,10373,56669,166,0.0,High Spender,High
66,Rohan Bansal,50,Designer,Bengaluru,2025-05,65281,10270,11101,4047,4237,5587,1612,5001,10591,52446,12835,0.2,Balanced,Medium
66,Rohan Bansal,50,Designer,Bengaluru,2025-06,56548,6832,5565,3838,3520,3855,3596,0,10267,37473,19075,0.34,Investor,Low
66,Rohan Bansal,50,Designer,Bengaluru,2025-07,57832,14689,9628,5398,2482,4716,1907,10279,4234,53333,4499,0.08,High Spender,High
66,Rohan Bansal,50,Designer,Bengaluru,2025-08,63859,16449,10339,5637,6056,6059,2630,0,11792,58962,4897,0.08,High Spender,High
66,Rohan Bansal,50,Designer,Bengaluru,2025-09,58454,9381,7078,3491,7022,1930,2776,0,9056,40734,17720,0.3,Investor,Low
66,Rohan Bansal,50,Designer,Bengaluru,2025-10,68610,15870,12295,4428,13170,2507,2014,5407,4487,60178,8432,0.12,High Spender,High
66,Rohan Bansal,50,Designer,Bengaluru,2025-11,60364,13949,6756,4606,11841,1515,4839,0,11155,54661,5703,0.09,High Spender,High
66,Rohan Bansal,50,Designer,Bengaluru,2025-12,64039,13483,8973,2281,10334,2512,5327,9898,7994,60802,3237,0.05,High Spender,High
67,Meera Jain,48,Designer,Pune,2025-01,127082,28225,22357,12446,20231,4741,5157,9525,29444,132126,0,0.0,High Spender,High
67,Meera Jain,48,Designer,Pune,2025-02,121015,29652,12357,9642,13696,6553,6289,7396,30003,115588,5427,0.04,High Spender,High
67,Meera Jain,48,Designer,Pune,2025-03,121120,30036,12885,9307,13836,11534,4162,11151,18180,111091,10029,0.08,High Spender,High
67,Meera Jain,48,Designer,Pune,2025-04,124666,24337,16611,6430,5970,7320,1078,5812,17303,84861,39805,0.32,Investor,Low
67,Meera Jain,48,Designer,Pune,2025-05,119662,23511,12888,6423,16178,6783,5628,0,29200,100611,19051,0.16,Balanced,Medium
67,Meera Jain,48,Designer,Pune,2025-06,118567,17079,18721,6218,11863,8109,542,0,28837,91369,27198,0.23,Balanced,Medium
67,Meera Jain,48,Designer,Pune,2025-07,120002,18717,13570,4697,15110,8006,4754,0,14025,78879,41123,0.34,Investor,Low
67,Meera Jain,48,Designer,Pune,2025-08,114548,26948,10800,11453,14430,10538,3025,9123,20457,106774,7774,0.07,High Spender,High
67,Meera Jain,48,Designer,Pune,2025-09,118606,21366,15475,5234,13972,4578,4468,0,17481,82574,36032,0.3,Investor,Low
67,Meera Jain,48,Designer,Pune,2025-10,122931,17024,12420,10535,5258,6533,6914,14305,25646,98635,24296,0.2,Balanced,Medium
67,Meera Jain,48,Designer,Pune,2025-11,115880,28109,10434,7468,7896,3044,4415,9037,25538,95941,19939,0.17,Balanced,Medium
67,Meera Jain,48,Designer,Pune,2025-12,122093,17120,19905,9630,7843,7299,5432,0,17832,85061,37032,0.3,Investor,Low
68,Yash Sharma,27,Developer,Mumbai,2025-01,126617,29852,16573,9200,22328,12193,5371,3824,28408,127749,0,0.0,High Spender,High
68,Yash Sharma,27,Developer,Mumbai,2025-02,117412,31224,16959,8586,21776,11306,1595,0,9179,100625,16787,0.14,High Spender,High
68,Yash Sharma,27,Developer,Mumbai,2025-03,126478,31104,14478,6320,23804,3051,3100,0,12150,94007,32471,0.26,Balanced,Medium
68,Yash Sharma,27,Developer,Mumbai,2025-04,118881,22823,12561,9755,21856,3695,4646,6548,9914,91798,27083,0.23,Balanced,Medium
68,Yash Sharma,27,Developer,Mumbai,2025-05,119858,23133,15792,10187,7386,5077,3801,3192,8270,76838,43020,0.36,Investor,Low
68,Yash Sharma,27,Developer,Mumbai,2025-06,127010,16928,22803,5235,19795,3602,2427,3781,8541,83112,43898,0.35,Investor,Low
68,Yash Sharma,27,Developer,Mumbai,2025-07,115961,28246,20465,7706,5408,8789,4725,0,16785,92124,23837,0.21,Balanced,Medium
68,Yash Sharma,27,Developer,Mumbai,2025-08,126941,24292,14311,11187,18727,3761,1369,0,12322,85969,40972,0.32,Investor,Low
68,Yash Sharma,27,Developer,Mumbai,2025-09,124460,27611,22010,12173,22024,3727,6987,0,21133,115665,8795,0.07,High Spender,High
68,Yash Sharma,27,Developer,Mumbai,2025-10,116652,17999,17408,3538,6159,9502,6154,0,7635,68395,48257,0.41,Investor,Low
68,Yash Sharma,27,Developer,Mumbai,2025-11,117589,19043,12513,10661,5753,9810,2458,0,10145,70383,47206,0.4,Investor,Low
68,Yash Sharma,27,Developer,Mumbai,2025-12,117916,25729,18524,7806,5821,4458,5849,0,23358,91545,26371,0.22,Balanced,Medium
69,Kabir Singh,45,Developer,Mumbai,2025-01,82979,17671,8618,5773,14556,4105,4059,10595,20532,85909,0,0.0,High Spender,High
69,Kabir Singh,45,Developer,Mumbai,2025-02,92909,17435,7919,8254,11990,1951,1731,3331,10482,63093,29816,0.32,Investor,Low
69,Kabir Singh,45,Developer,Mumbai,2025-03,92261,18428,15365,8657,4221,2689,1571,0,14439,65370,26891,0.29,Balanced,Medium
69,Kabir Singh,45,Developer,Mumbai,2025-04,86106,15638,13891,4027,7406,2662,2966,14132,8576,69298,16808,0.2,Balanced,Medium
69,Kabir Singh,45,Developer,Mumbai,2025-05,83613,17881,11893,2661,15066,3678,5554,10232,15600,82565,1048,0.01,High Spender,High
69,Kabir Singh,45,Developer,Mumbai,2025-06,85071,15354,8758,3083,9206,7050,1458,6557,18856,70322,14749,0.17,Balanced,Medium
69,Kabir Singh,45,Developer,Mumbai,2025-07,87404,19437,11998,8277,10859,8169,4341,3291,9287,75659,11745,0.13,High Spender,High
69,Kabir Singh,45,Developer,Mumbai,2025-08,90053,11577,15727,5179,7626,8719,1207,0,13674,63709,26344,0.29,Balanced,Medium
69,Kabir Singh,45,Developer,Mumbai,2025-09,90240,15991,9473,3719,8710,4500,3620,0,16287,62300,27940,0.31,Investor,Low
69,Kabir Singh,45,Developer,Mumbai,2025-10,90645,11505,10723,6021,2996,2877,3324,0,14411,51857,38788,0.43,Investor,Low
69,Kabir Singh,45,Developer,Mumbai,2025-11,85142,12839,13961,8510,15769,8258,1217,7401,20610,88565,0,0.0,High Spender,High
69,Kabir Singh,45,Developer,Mumbai,2025-12,89198,15576,8419,8081,13360,1837,1021,12129,20089,80512,8686,0.1,High Spender,High
70,Arjun Yadav,41,Designer,Mumbai,2025-01,47162,11023,7999,4220,3147,1480,1363,4237,11188,44657,2505,0.05,High Spender,High
70,Arjun Yadav,41,Designer,Mumbai,2025-02,47624,13245,5339,4450,7807,4130,6483,5344,7528,54326,0,0.0,High Spender,High
70,Arjun Yadav,41,Designer,Mumbai,2025-03,43750,9885,6605,2721,3362,2346,6355,0,3589,34863,8887,0.2,Balanced,Medium
70,Arjun Yadav,41,Designer,Mumbai,2025-04,44419,8769,6476,1539,3382,4340,2688,13430,3164,43788,631,0.01,High Spender,High
70,Arjun Yadav,41,Designer,Mumbai,2025-05,41118,8133,6864,3470,1569,3136,5586,10019,8643,47420,0,0.0,High Spender,High
70,Arjun Yadav,41,Designer,Mumbai,2025-06,42970,8743,4223,3381,2230,1924,1440,12309,6380,40630,2340,0.05,High Spender,High
70,Arjun Yadav,41,Designer,Mumbai,2025-07,45854,12457,6676,3544,4358,1858,4668,4180,3743,41484,4370,0.1,High Spender,High
70,Arjun Yadav,41,Designer,Mumbai,2025-08,43530,7194,6985,3289,5782,3452,2690,0,4392,33784,9746,0.22,Balanced,Medium
70,Arjun Yadav,41,Designer,Mumbai,2025-09,46291,8290,6272,3863,5886,1912,4066,11934,2960,45183,1108,0.02,High Spender,High
70,Arjun Yadav,41,Designer,Mumbai,2025-10,45426,5977,4298,1558,6542,3964,5990,3999,2476,34804,10622,0.23,Balanced,Medium
70,Arjun Yadav,41,Designer,Mumbai,2025-11,49791,13159,8814,2457,5848,1411,3443,0,7870,43002,6789,0.14,High Spender,High
70,Arjun Yadav,41,Designer,Mumbai,2025-12,41564,11351,6494,2305,3198,3928,931,0,2650,30857,10707,0.26,Balanced,Medium
71,Isha Bansal,34,Developer,Bengaluru,2025-01,70649,12657,11214,3923,8668,2607,6945,0,10486,56500,14149,0.2,Balanced,Medium
71,Isha Bansal,34,Developer,Bengaluru,2025-02,63767,16820,7421,4023,12464,2270,5702,0,7250,55950,7817,0.12,High Spender,High
71,Isha Bansal,34,Developer,Bengaluru,2025-03,69098,16459,6615,5747,13450,5948,6976,5215,13359,73769,0,0.0,High Spender,High
71,Isha Bansal,34,Developer,Bengaluru,2025-04,69650,13561,11646,6812,11448,4500,3271,4130,10188,65556,4094,0.06,High Spender,High
71,Isha Bansal,34,Developer,Bengaluru,2025-05,72849,17850,7945,7253,2917,1816,3184,0,12070,53035,19814,0.27,Balanced,Medium
71,Isha Bansal,34,Developer,Bengaluru,2025-06,63551,11273,7551,5709,7663,4476,4103,11963,13587,66325,0,0.0,High Spender,High
71,Isha Bansal,34,Developer,Bengaluru,2025-07,69739,11462,9243,4428,3765,2211,4650,4398,9513,49670,20069,0.29,Balanced,Medium
71,Isha Bansal,34,Developer,Bengaluru,2025-08,61647,11420,10514,5548,9233,6052,5004,5393,9277,62441,0,0.0,High Spender,High
71,Isha Bansal,34,Developer,Bengaluru,2025-09,62458,15043,7714,3702,6146,3851,2799,0,11913,51168,11290,0.18,Balanced,Medium
71,Isha Bansal,34,Developer,Bengaluru,2025-10,73477,15266,8459,5914,2697,5446,3484,5973,17172,64411,9066,0.12,High Spender,High
71,Isha Bansal,34,Developer,Bengaluru,2025-11,64199,10964,8560,3188,9234,3398,6301,8410,6082,56137,8062,0.13,High Spender,High
71,Isha Bansal,34,Developer,Bengaluru,2025-12,70245,14690,10666,5315,7231,1887,1419,0,8419,49627,20618,0.29,Balanced,Medium
72,Kavya Gupta,42,Sales Executive,Delhi,2025-01,65881,9833,6221,5122,8454,2642,1099,14069,8942,56382,9499,0.14,High Spender,High
72,Kavya Gupta,42,Sales Executive,Delhi,2025-02,62168,15074,8354,5084,10834,3608,3559,0,4207,50720,11448,0.18,Balanced,Medium
72,Kavya Gupta,42,Sales Executive,Delhi,2025-03,64891,8435,11059,3359,12900,6441,670,0,4081,46945,17946,0.28,Balanced,Medium
72,Kavya Gupta,42,Sales Executive,Delhi,2025-04,60555,9570,7113,5919,6509,2016,4047,0,5352,40526,20029,0.33,Investor,Low
72,Kavya Gupta,42,Sales Executive,Delhi,2025-05,58350,15159,8261,4281,6078,3150,1693,13938,6124,58684,0,0.0,High Spender,High
72,Kavya Gupta,42,Sales Executive,Delhi,2025-06,54206,8942,6659,3834,8697,4671,5839,0,11716,50358,3848,0.07,High Spender,High
72,Kavya Gupta,42,Sales Executive,Delhi,2025-07,55634,14095,5318,4667,2205,1807,4784,0,6970,39846,15788,0.28,Balanced,Medium
72,Kavya Gupta,42,Sales Executive,Delhi,2025-08,60606,10234,9712,2803,8349,1367,1172,14604,7376,55617,4989,0.08,High Spender,High
72,Kavya Gupta,42,Sales Executive,Delhi,2025-09,60636,11864,10553,3479,7561,3251,4640,0,7716,49064,11572,0.19,Balanced,Medium
72,Kavya Gupta,42,Sales Executive,Delhi,2025-10,63832,13579,7322,3185,3944,6044,6742,0,10244,51060,12772,0.2,Balanced,Medium
72,Kavya Gupta,42,Sales Executive,Delhi,2025-11,55490,11454,5183,4992,10995,3352,3684,0,5245,44905,10585,0.19,Balanced,Medium
72,Kavya Gupta,42,Sales Executive,Delhi,2025-12,62249,8591,8469,3767,3735,3284,6970,0,5776,40592,21657,0.35,Investor,Low
73,Aryan Verma,34,Teacher,Bengaluru,2025-01,39453,8401,4020,3121,2348,2966,5558,4355,9472,40241,0,0.0,High Spender,High
73,Aryan Verma,34,Teacher,Bengaluru,2025-02,34686,6763,2926,1936,3991,2321,5047,0,3548,26532,8154,0.24,Balanced,Medium
73,Aryan Verma,34,Teacher,Bengaluru,2025-03,30868,8489,5401,1656,5239,2293,5595,12566,7293,48532,0,0.0,High Spender,High
73,Aryan Verma,34,Teacher,Bengaluru,2025-04,34624,8562,5036,2346,6181,780,609,6944,5922,36380,0,0.0,High Spender,High
73,Aryan Verma,34,Teacher,Bengaluru,2025-05,38533,9816,3422,3535,2630,1183,6674,14102,8012,49374,0,0.0,High Spender,High
73,Aryan Verma,34,Teacher,Bengaluru,2025-06,30268,6310,5292,1983,3684,1724,3873,0,6232,29098,1170,0.04,High Spender,High
73,Aryan Verma,34,Teacher,Bengaluru,2025-07,37102,9964,5792,2523,3342,1031,1256,0,4545,28453,8649,0.23,Balanced,Medium
73,Aryan Verma,34,Teacher,Bengaluru,2025-08,37496,9341,4799,3377,2315,1756,4712,0,5240,31540,5956,0.16,Balanced,Medium
73,Aryan Verma,34,Teacher,Bengaluru,2025-09,34797,8790,4515,1077,3405,3137,4064,14570,4257,43815,0,0.0,High Spender,High
73,Aryan Verma,34,Teacher,Bengaluru,2025-10,40695,9761,6394,1830,3631,3376,2866,0,9605,37463,3232,0.08,High Spender,High
73,Aryan Verma,34,Teacher,Bengaluru,2025-11,31351,4792,2987,2808,3697,732,2725,11373,2660,31774,0,0.0,High Spender,High
73,Aryan Verma,34,Teacher,Bengaluru,2025-12,34866,5233,6270,2409,5996,1005,5914,0,6261,33088,1778,0.05,High Spender,High
74,Aditya Choudhary,49,Freelancer,Pune,2025-01,103687,27530,14591,4438,6380,7911,1734,4024,5970,72578,31109,0.3,Investor,Low
74,Aditya Choudhary,49,Freelancer,Pune,2025-02,108375,26260,14207,10050,3640,6746,1060,13137,11140,86240,22135,0.2,Balanced,Medium
74,Aditya Choudhary,49,Freelancer,Pune,2025-03,101949,20887,14956,4260,17588,3352,3064,14947,23709,102763,0,0.0,High Spender,High
74,Aditya Choudhary,49,Freelancer,Pune,2025-04,109896,13845,19289,4842,3949,8897,1822,6171,5649,64464,45432,0.41,Investor,Low
74,Aditya Choudhary,49,Freelancer,Pune,2025-05,102748,15825,11444,6717,5350,5701,1413,0,8654,55104,47644,0.46,Investor,Low
74,Aditya Choudhary,49,Freelancer,Pune,2025-06,101781,26785,13892,6807,5993,4649,2303,0,11888,72317,29464,0.29,Balanced,Medium
74,Aditya Choudhary,49,Freelancer,Pune,2025-07,101114,17382,15851,7090,17253,2729,2844,11318,17839,92306,8808,0.09,High Spender,High
74,Aditya Choudhary,49,Freelancer,Pune,2025-08,104624,28019,18212,7478,20138,4284,2342,0,8356,88829,15795,0.15,Balanced,Medium
74,Aditya Choudhary,49,Freelancer,Pune,2025-09,114071,23642,17278,6048,12671,6632,6637,0,11625,84533,29538,0.26,Balanced,Medium
74,Aditya Choudhary,49,Freelancer,Pune,2025-10,110372,25604,14217,4558,12058,7672,6622,3060,11404,85195,25177,0.23,Balanced,Medium
74,Aditya Choudhary,49,Freelancer,Pune,2025-11,113058,13724,19591,8384,5555,6954,4556,10702,17142,86608,26450,0.23,Balanced,Medium
74,Aditya Choudhary,49,Freelancer,Pune,2025-12,109824,24119,9584,9588,19809,4870,6327,4820,24862,103979,5845,0.05,High Spender,High
75,Aditya Singh,36,Engineer,Pune,2025-01,113189,22015,19263,9760,22528,10944,5196,5744,19647,115097,0,0.0,High Spender,High
75,Aditya Singh,36,Engineer,Pune,2025-02,118478,23843,12034,5719,20565,10389,6213,0,18010,96773,21705,0.18,Balanced,Medium
75,Aditya Singh,36,Engineer,Pune,2025-03,119385,17777,15741,11245,9589,6560,3367,0,7820,72099,47286,0.4,Investor,Low
75,Aditya Singh,36,Engineer,Pune,2025-04,114172,22005,10846,5808,15002,6040,1545,7212,14197,82655,31517,0.28,Balanced,Medium
75,Aditya Singh,36,Engineer,Pune,2025-05,117373,26573,20918,6362,3735,3168,6437,7335,8350,82878,34495,0.29,Balanced,Medium
75,Aditya Singh,36,Engineer,Pune,2025-06,123494,30788,16787,9247,20227,9914,6327,0,24113,117403,6091,0.05,High Spender,High
75,Aditya Singh,36,Engineer,Pune,2025-07,110676,27221,15283,8670,9715,3344,3163,0,8514,75910,34766,0.31,Investor,Low
75,Aditya Singh,36,Engineer,Pune,2025-08,113939,30364,10027,7859,5676,8360,2680,5109,22771,92846,21093,0.19,Balanced,Medium
75,Aditya Singh,36,Engineer,Pune,2025-09,123014,31582,19092,8647,4782,7734,4691,12870,13352,102750,20264,0.16,Balanced,Medium
75,Aditya Singh,36,Engineer,Pune,2025-10,115073,25902,19023,11281,20878,9291,1483,0,12389,100247,14826,0.13,High Spender,High
75,Aditya Singh,36,Engineer,Pune,2025-11,116041,28515,18294,8947,4715,6761,2701,12380,13371,95684,20357,0.18,Balanced,Medium
75,Aditya Singh,36,Engineer,Pune,2025-12,112147,23109,15569,10353,8743,4708,2010,0,17704,82196,29951,0.27,Balanced,Medium
76,Aarav Mehta,29,Manager,Jaipur,2025-01,95462,26615,10536,3308,6915,5746,625,12840,20818,87403,8059,0.08,High Spender,High
76,Aarav Mehta,29,Manager,Jaipur,2025-02,99467,22784,9495,3841,8568,2712,1501,0,22308,71209,28258,0.28,Balanced,Medium
76,Aarav Mehta,29,Manager,Jaipur,2025-03,99978,12680,16040,8902,14062,4397,3785,4333,5929,70128,29850,0.3,Investor,Low
76,Aarav Mehta,29,Manager,Jaipur,2025-04,96193,14949,16499,7963,3651,2650,5794,5392,17745,74643,21550,0.22,Balanced,Medium
76,Aarav Mehta,29,Manager,Jaipur,2025-05,94013,17295,16597,5363,18650,6789,5591,0,11017,81302,12711,0.14,High Spender,High
76,Aarav Mehta,29,Manager,Jaipur,2025-06,100376,24561,13199,7160,11411,8073,4867,7340,9372,85983,14393,0.14,High Spender,High
76,Aarav Mehta,29,Manager,Jaipur,2025-07,103415,15945,8324,6872,18405,8020,2213,0,14685,74464,28951,0.28,Balanced,Medium
76,Aarav Mehta,29,Manager,Jaipur,2025-08,98567,26912,12392,3004,3099,2314,4011,4959,13017,69708,28859,0.29,Balanced,Medium
76,Aarav Mehta,29,Manager,Jaipur,2025-09,94911,16767,12254,4804,18947,7471,3540,11768,7775,83326,11585,0.12,High Spender,High
76,Aarav Mehta,29,Manager,Jaipur,2025-10,100529,16767,16400,6691,4893,8834,6188,5365,21240,86378,14151,0.14,High Spender,High
76,Aarav Mehta,29,Manager,Jaipur,2025-11,97028,18452,11276,8078,9743,4975,4618,0,22302,79444,17584,0.18,Balanced,Medium
76,Aarav Mehta,29,Manager,Jaipur,2025-12,92514,11203,9257,4978,5563,5374,1579,14681,8798,61433,31081,0.34,Investor,Low
77,Rohan Bansal,21,Manager,Mumbai,2025-01,36753,9340,5711,3362,2938,1511,6204,0,1849,30915,5838,0.16,Balanced,Medium
77,Rohan Bansal,21,Manager,Mumbai,2025-02,33831,4169,3483,1207,5994,2390,6531,0,6905,30679,3152,0.09,High Spender,High
77,Rohan Bansal,21,Manager,Mumbai,2025-03,26863,6435,4331,2214,1626,1055,821,0,2483,18965,7898,0.29,Balanced,Medium
77,Rohan Bansal,21,Manager,Mumbai,2025-04,37087,5483,6379,3162,2914,3622,1806,0,2496,25862,11225,0.3,Investor,Low
77,Rohan Bansal,21,Manager,Mumbai,2025-05,33311,8290,2993,2838,4080,2793,3256,0,2324,26574,6737,0.2,Balanced,Medium
77,Rohan Bansal,21,Manager,Mumbai,2025-06,34977,4902,5374,3424,3289,2627,6259,0,2832,28707,6270,0.18,Balanced,Medium
77,Rohan Bansal,21,Manager,Mumbai,2025-07,35016,8543,4872,2839,1995,2208,6101,0,3527,30085,4931,0.14,High Spender,High
77,Rohan Bansal,21,Manager,Mumbai,2025-08,30901,6872,4618,947,5331,2836,3459,0,5568,29631,1270,0.04,High Spender,High
77,Rohan Bansal,21,Manager,Mumbai,2025-09,33771,8069,4247,3359,6545,1183,4565,0,3952,31920,1851,0.05,High Spender,High
77,Rohan Bansal,21,Manager,Mumbai,2025-10,29586,3689,4905,2540,1971,2198,2338,0,1986,19627,9959,0.34,Investor,Low
77,Rohan Bansal,21,Manager,Mumbai,2025-11,26676,6378,4217,1523,1561,2583,5491,0,3179,24932,1744,0.07,High Spender,High
77,Rohan Bansal,21,Manager,Mumbai,2025-12,24980,3118,2454,2228,2040,791,5025,0,5302,20958,4022,0.16,Balanced,Medium
78,Sai Yadav,29,Sales Executive,Jaipur,2025-01,66335,16211,10416,4771,12511,6630,2992,13495,15384,82410,0,0.0,High Spender,High
78,Sai Yadav,29,Sales Executive,Jaipur,2025-02,56242,9434,4811,5461,4717,5189,2809,0,12568,44989,11253,0.2,Balanced,Medium
78,Sai Yadav,29,Sales Executive,Jaipur,2025-03,56043,14780,7800,5240,7737,4506,4964,0,11826,56853,0,0.0,High Spender,High
78,Sai Yadav,29,Sales Executive,Jaipur,2025-04,57681,8948,7030,4585,10916,3730,3625,0,3795,42629,15052,0.26,Balanced,Medium
78,Sai Yadav,29,Sales Executive,Jaipur,2025-05,55777,6896,5199,4830,2758,2452,4808,0,3128,30071,25706,0.46,Investor,Low
78,Sai Yadav,29,Sales Executive,Jaipur,2025-06,56589,8525,5622,1859,7269,4363,892,0,3716,32246,24343,0.43,Investor,Low
78,Sai Yadav,29,Sales Executive,Jaipur,2025-07,64436,13415,11344,5440,3160,4070,3432,0,11007,51868,12568,0.2,Balanced,Medium
78,Sai Yadav,29,Sales Executive,Jaipur,2025-08,58983,13746,6484,4050,2328,3038,3946,0,7657,41249,17734,0.3,Investor,Low
78,Sai Yadav,29,Sales Executive,Jaipur,2025-09,63069,13375,6810,3645,2017,1556,6485,0,10936,44824,18245,0.29,Balanced,Medium
78,Sai Yadav,29,Sales Executive,Jaipur,2025-10,55041,11599,9698,2842,10344,1623,1251,4631,13198,55186,0,0.0,High Spender,High
78,Sai Yadav,29,Sales Executive,Jaipur,2025-11,64848,17856,5624,4692,11226,1445,2045,13661,13313,69862,0,0.0,High Spender,High
78,Sai Yadav,29,Sales Executive,Jaipur,2025-12,57225,6957,4646,3304,6817,3058,5151,0,5757,35690,21535,0.38,Investor,Low
79,Priya Rathore,49,Developer,Bengaluru,2025-01,103732,16337,14211,8788,19450,6039,5003,10927,15406,96161,7571,0.07,High Spender,High
79,Priya Rathore,49,Developer,Bengaluru,2025-02,101770,21399,11313,8954,3792,7219,3277,7290,20059,83303,18467,0.18,Balanced,Medium
79,Priya Rathore,49,Developer,Bengaluru,2025-03,104109,28857,18671,5726,20067,10042,4809,12234,9317,109723,0,0.0,High Spender,High
79,Priya Rathore,49,Developer,Bengaluru,2025-04,114619,28104,13004,9493,11493,5406,798,0,8734,77032,37587,0.33,Investor,Low
79,Priya Rathore,49,Developer,Bengaluru,2025-05,109211,24728,9728,10362,20543,8428,4064,0,23377,101230,7981,0.07,High Spender,High
79,Priya Rathore,49,Developer,Bengaluru,2025-06,105905,16577,10775,7898,19837,2233,6357,0,15609,79286,26619,0.25,Balanced,Medium
79,Priya Rathore,49,Developer,Bengaluru,2025-07,108592,18816,16275,6350,12294,3844,3286,0,23034,83899,24693,0.23,Balanced,Medium
79,Priya Rathore,49,Developer,Bengaluru,2025-08,114706,19645,13325,11281,20885,6135,606,14137,8400,94414,20292,0.18,Balanced,Medium
79,Priya Rathore,49,Developer,Bengaluru,2025-09,112118,30598,19405,6549,12817,3184,6669,0,19397,98619,13499,0.12,High Spender,High
79,Priya Rathore,49,Developer,Bengaluru,2025-10,102386,19428,10987,5703,6144,8527,6897,8181,17387,83254,19132,0.19,Balanced,Medium
79,Priya Rathore,49,Developer,Bengaluru,2025-11,107078,13172,11113,5534,18651,3017,6020,0,22615,80122,26956,0.25,Balanced,Medium
79,Priya Rathore,49,Developer,Bengaluru,2025-12,102517,24783,12520,4377,10805,5490,5210,0,7053,70238,32279,0.31,Investor,Low
80,Sai Verma,51,Engineer,Delhi,2025-01,82128,18998,14598,4206,8974,7854,6840,0,9275,70745,11383,0.14,High Spender,High
80,Sai Verma,51,Engineer,Delhi,2025-02,89696,24348,7217,8240,4309,6227,1953,0,19533,71827,17869,0.2,Balanced,Medium
80,Sai Verma,51,Engineer,Delhi,2025-03,89712,14384,8928,8563,10218,8961,3268,0,9409,63731,25981,0.29,Balanced,Medium
80,Sai Verma,51,Engineer,Delhi,2025-04,84335,10979,14533,8040,12014,8088,5474,0,14268,73396,10939,0.13,High Spender,High
80,Sai Verma,51,Engineer,Delhi,2025-05,82385,11886,11253,4143,9043,1708,1421,7341,8441,55236,27149,0.33,Investor,Low
80,Sai Verma,51,Engineer,Delhi,2025-06,84605,18522,13098,7376,8819,4746,4039,6766,9916,73282,11323,0.13,High Spender,High
80,Sai Verma,51,Engineer,Delhi,2025-07,79754,20855,8757,6363,5312,1645,6113,0,9248,58293,21461,0.27,Balanced,Medium
80,Sai Verma,51,Engineer,Delhi,2025-08,79766,18748,8941,6637,13834,2490,1566,10116,14376,76708,3058,0.04,High Spender,High
80,Sai Verma,51,Engineer,Delhi,2025-09,89509,18310,11879,4529,3600,6307,6378,0,11573,62576,26933,0.3,Investor,Low
80,Sai Verma,51,Engineer,Delhi,2025-10,86083,10568,7999,2692,10696,5324,2364,11610,4365,55618,30465,0.35,Investor,Low
80,Sai Verma,51,Engineer,Delhi,2025-11,79334,15692,11174,6748,7774,5102,3236,0,17303,67029,12305,0.16,Balanced,Medium
80,Sai Verma,51,Engineer,Delhi,2025-12,89248,21944,8420,7603,9241,2884,1470,8235,20898,80695,8553,0.1,High Spender,High
81,Nisha Kapoor,46,Engineer,Pune,2025-01,61890,13697,6938,5008,2203,5497,5185,12931,7818,59277,2613,0.04,High Spender,High
81,Nisha Kapoor,46,Engineer,Pune,2025-02,60237,13866,4909,2496,8342,3043,6811,7422,7763,54652,5585,0.09,High Spender,High
81,Nisha Kapoor,46,Engineer,Pune,2025-03,59178,13277,5648,5828,6835,4641,3878,3446,7522,51075,8103,0.14,High Spender,High
81,Nisha Kapoor,46,Engineer,Pune,2025-04,58432,14657,6375,2592,10478,2651,1066,7039,13933,58791,0,0.0,High Spender,High
81,Nisha Kapoor,46,Engineer,Pune,2025-05,51496,7614,6617,2520,6488,3864,4742,5309,8988,46142,5354,0.1,High Spender,High
81,Nisha Kapoor,46,Engineer,Pune,2025-06,50439,9421,7600,3411,4175,2564,5764,0,7478,40413,10026,0.2,Balanced,Medium
81,Nisha Kapoor,46,Engineer,Pune,2025-07,59126,7147,9607,3620,6343,3536,3550,0,8427,42230,16896,0.29,Balanced,Medium
81,Nisha Kapoor,46,Engineer,Pune,2025-08,52565,11581,4491,2572,9902,2240,2904,0,6546,40236,12329,0.23,Balanced,Medium
81,Nisha Kapoor,46,Engineer,Pune,2025-09,51650,14318,4798,2362,3050,2870,2825,0,9583,39806,11844,0.23,Balanced,Medium
81,Nisha Kapoor,46,Engineer,Pune,2025-10,49381,6811,5480,1944,5106,2423,6458,0,6622,34844,14537,0.29,Balanced,Medium
81,Nisha Kapoor,46,Engineer,Pune,2025-11,59607,16084,7581,2420,2000,2533,1860,0,12069,44547,15060,0.25,Balanced,Medium
81,Nisha Kapoor,46,Engineer,Pune,2025-12,50171,11960,5494,1882,4065,4918,3096,3046,9862,44323,5848,0.12,High Spender,High
82,Isha Yadav,39,Manager,Pune,2025-01,66763,16684,11808,3708,4511,6657,4002,12698,9620,69688,0,0.0,High Spender,High
82,Isha Yadav,39,Manager,Pune,2025-02,76343,18014,13608,4797,13387,3972,3957,14793,15346,87874,0,0.0,High Spender,High
82,Isha Yadav,39,Manager,Pune,2025-03,74665,18875,7029,7278,11489,7220,1978,3114,11601,68584,6081,0.08,High Spender,High
82,Isha Yadav,39,Manager,Pune,2025-04,68940,16842,6587,2247,7425,2977,6285,0,12727,55090,13850,0.2,Balanced,Medium
82,Isha Yadav,39,Manager,Pune,2025-05,74143,12922,11878,3031,9378,5567,6680,0,15627,65083,9060,0.12,High Spender,High
82,Isha Yadav,39,Manager,Pune,2025-06,71219,12120,9755,5523,12964,4150,5287,6447,13259,69505,1714,0.02,High Spender,High
82,Isha Yadav,39,Manager,Pune,2025-07,76646,13825,13023,7343,12432,3870,3377,0,15415,69285,7361,0.1,High Spender,High
82,Isha Yadav,39,Manager,Pune,2025-08,67769,18199,5856,6261,8625,6764,6422,0,13594,65721,2048,0.03,High Spender,High
82,Isha Yadav,39,Manager,Pune,2025-09,70019,15333,6964,4770,3955,6247,5473,11182,10705,64629,5390,0.08,High Spender,High
82,Isha Yadav,39,Manager,Pune,2025-10,69083,16995,11085,4146,7786,2695,6394,0,14110,63211,5872,0.08,High Spender,High
82,Isha Yadav,39,Manager,Pune,2025-11,69363,15155,10848,5237,5934,4709,2097,9055,11591,64626,4737,0.07,High Spender,High
82,Isha Yadav,39,Manager,Pune,2025-12,75307,21043,8135,2284,13725,4668,5793,6658,11108,73414,1893,0.03,High Spender,High
83,Rahul Jain,49,Sales Executive,Mumbai,2025-01,79761,14248,9109,4693,13888,1982,1153,12166,18989,76228,3533,0.04,High Spender,High
83,Rahul Jain,49,Sales Executive,Mumbai,2025-02,77240,20070,9129,5016,5191,3093,4843,13521,15170,76033,1207,0.02,High Spender,High
83,Rahul Jain,49,Sales Executive,Mumbai,2025-03,85785,12836,6894,4718,10962,2982,4938,3853,16655,63838,21947,0.26,Balanced,Medium
83,Rahul Jain,49,Sales Executive,Mumbai,2025-04,84890,20238,9854,6957,13362,4248,759,0,13608,69026,15864,0.19,Balanced,Medium
83,Rahul Jain,49,Sales Executive,Mumbai,2025-05,84534,15751,13258,6529,8626,5256,3937,13097,10183,76637,7897,0.09,High Spender,High
83,Rahul Jain,49,Sales Executive,Mumbai,2025-06,78912,20775,11019,2420,10731,4180,5201,5159,17272,76757,2155,0.03,High Spender,High
83,Rahul Jain,49,Sales Executive,Mumbai,2025-07,80119,12115,7264,6859,6532,3634,6130,5817,8637,56988,23131,0.29,Balanced,Medium
83,Rahul Jain,49,Sales Executive,Mumbai,2025-08,81142,10713,9060,6905,9813,3513,3976,12498,15803,72281,8861,0.11,High Spender,High
83,Rahul Jain,49,Sales Executive,Mumbai,2025-09,77224,19716,8650,4130,5916,2507,1306,5628,10186,58039,19185,0.25,Balanced,Medium
83,Rahul Jain,49,Sales Executive,Mumbai,2025-10,75943,20440,12682,6943,2725,7206,5721,10427,11556,77700,0,0.0,High Spender,High
83,Rahul Jain,49,Sales Executive,Mumbai,2025-11,85777,23146,15358,8149,14131,7835,5113,14129,10200,98061,0,0.0,High Spender,High
83,Rahul Jain,49,Sales Executive,Mumbai,2025-12,82127,21287,13973,2940,15244,6407,5818,0,8771,74440,7687,0.09,High Spender,High
84,Aadhya Yadav,36,Teacher,Pune,2025-01,94292,14144,13638,7302,6374,3625,2982,8379,12143,68587,25705,0.27,Balanced,Medium
84,Aadhya Yadav,36,Teacher,Pune,2025-02,91246,21481,13940,6730,10338,7523,4823,6201,14129,85165,6081,0.07,High Spender,High
84,Aadhya Yadav,36,Teacher,Pune,2025-03,93244,11965,13898,6152,15492,7246,6596,7305,9341,77995,15249,0.16,Balanced,Medium
84,Aadhya Yadav,36,Teacher,Pune,2025-04,93548,22246,16559,9028,6775,8384,1134,0,6876,71002,22546,0.24,Balanced,Medium
84,Aadhya Yadav,36,Teacher,Pune,2025-05,85378,23388,14986,7053,9181,8421,1333,13004,7781,85147,231,0.0,High Spender,High
84,Aadhya Yadav,36,Teacher,Pune,2025-06,93370,12518,15610,8877,4414,6774,4168,0,14817,67178,26192,0.28,Balanced,Medium
84,Aadhya Yadav,36,Teacher,Pune,2025-07,93315,23913,9612,4032,15714,2540,1519,0,18474,75804,17511,0.19,Balanced,Medium
84,Aadhya Yadav,36,Teacher,Pune,2025-08,93957,22039,13081,3319,17502,7037,3633,0,6581,73192,20765,0.22,Balanced,Medium
84,Aadhya Yadav,36,Teacher,Pune,2025-09,86612,23922,9662,4661,10053,7690,6686,7153,5914,75741,10871,0.13,High Spender,High
84,Aadhya Yadav,36,Teacher,Pune,2025-10,84683,10225,13943,8183,16919,7160,1444,11431,14784,84089,594,0.01,High Spender,High
84,Aadhya Yadav,36,Teacher,Pune,2025-11,85133,12126,13933,6588,16448,8399,5415,0,19530,82439,2694,0.03,High Spender,High
84,Aadhya Yadav,36,Teacher,Pune,2025-12,97666,25079,8137,6275,5132,2347,1315,3514,8871,60670,36996,0.38,Investor,Low
85,Sai Gupta,40,Sales Executive,Mumbai,2025-01,109969,25353,13569,4110,10127,4758,1673,9893,18610,88093,21876,0.2,Balanced,Medium
85,Sai Gupta,40,Sales Executive,Mumbai,2025-02,116522,30748,10196,9923,15289,4976,6809,0,28746,106687,9835,0.08,High Spender,High
85,Sai Gupta,40,Sales Executive,Mumbai,2025-03,115350,19051,10453,11204,14350,3382,4170,0,25281,87891,27459,0.24,Balanced,Medium
85,Sai Gupta,40,Sales Executive,Mumbai,2025-04,112717,27263,11200,4132,4673,7161,1369,8155,14997,78950,33767,0.3,Investor,Low
85,Sai Gupta,40,Sales Executive,Mumbai,2025-05,118867,28223,14600,5085,12185,8150,3336,12885,7037,91501,27366,0.23,Balanced,Medium
85,Sai Gupta,40,Sales Executive,Mumbai,2025-06,117098,19671,9824,8852,22337,3790,2777,0,13221,80472,36626,0.31,Investor,Low
85,Sai Gupta,40,Sales Executive,Mumbai,2025-07,116715,15711,19836,8566,11594,7886,4233,3887,24474,96187,20528,0.18,Balanced,Medium
85,Sai Gupta,40,Sales Executive,Mumbai,2025-08,118058,23197,20188,6008,7604,7506,859,0,21267,86629,31429,0.27,Balanced,Medium
85,Sai Gupta,40,Sales Executive,Mumbai,2025-09,108123,15579,19139,4446,3479,5611,6624,4267,16338,75483,32640,0.3,Investor,Low
85,Sai Gupta,40,Sales Executive,Mumbai,2025-10,108103,30019,18657,7841,4693,9959,873,4919,9650,86611,21492,0.2,Balanced,Medium
85,Sai Gupta,40,Sales Executive,Mumbai,2025-11,118553,22891,10806,4716,22866,8691,6391,7704,22154,106219,12334,0.1,High Spender,High
85,Sai Gupta,40,Sales Executive,Mumbai,2025-12,114990,31063,17203,4123,10730,8775,3497,0,20850,96241,18749,0.16,Balanced,Medium
86,Sai Choudhary,51,Teacher,Mumbai,2025-01,28624,5433,4375,1154,3425,1020,6746,13275,4956,40384,0,0.0,High Spender,High
86,Sai Choudhary,51,Teacher,Mumbai,2025-02,28166,6172,3369,2557,4100,2388,3690,3869,4367,30512,0,0.0,High Spender,High
86,Sai Choudhary,51,Teacher,Mumbai,2025-03,32180,8954,5567,2360,5233,2479,3799,10398,1946,40736,0,0.0,High Spender,High
86,Sai Choudhary,51,Teacher,Mumbai,2025-04,26465,6950,3169,1390,4347,830,2624,8207,4081,31598,0,0.0,High Spender,High
86,Sai Choudhary,51,Teacher,Mumbai,2025-05,37466,7636,3726,1967,5714,3127,5333,5201,2849,35553,1913,0.05,High Spender,High
86,Sai Choudhary,51,Teacher,Mumbai,2025-06,37496,4825,3207,3738,3717,2415,5383,0,1975,25260,12236,0.33,Investor,Low
86,Sai Choudhary,51,Teacher,Mumbai,2025-07,26332,4713,4049,2231,3899,907,4280,0,2081,22160,4172,0.16,Balanced,Medium
86,Sai Choudhary,51,Teacher,Mumbai,2025-08,35223,9407,5306,1963,4571,1046,1285,12801,3993,40372,0,0.0,High Spender,High
86,Sai Choudhary,51,Teacher,Mumbai,2025-09,37510,7975,4743,3394,5989,3479,6084,0,7470,39134,0,0.0,High Spender,High
86,Sai Choudhary,51,Teacher,Mumbai,2025-10,25964,4131,3867,2245,1952,2395,3069,0,6349,24008,1956,0.08,High Spender,High
86,Sai Choudhary,51,Teacher,Mumbai,2025-11,35649,8737,4173,2212,4628,3009,3910,0,3327,29996,5653,0.16,Balanced,Medium
86,Sai Choudhary,51,Teacher,Mumbai,2025-12,33667,8662,6045,1425,1087,2837,5580,10958,6003,42597,0,0.0,High Spender,High
87,Saanvi Choudhary,26,Accountant,Mumbai,2025-01,35461,5162,5850,1400,4656,1780,6009,0,8616,33473,1988,0.06,High Spender,High
87,Saanvi Choudhary,26,Accountant,Mumbai,2025-02,26041,4785,4656,2171,2011,1204,4789,11813,1818,33247,0,0.0,High Spender,High
87,Saanvi Choudhary,26,Accountant,Mumbai,2025-03,32552,7397,4534,1903,3088,1707,6362,10285,2270,37546,0,0.0,High Spender,High
87,Saanvi Choudhary,26,Accountant,Mumbai,2025-04,36331,9453,3222,1137,6903,1288,1025,0,3449,26477,9854,0.27,Balanced,Medium
87,Saanvi Choudhary,26,Accountant,Mumbai,2025-05,22976,3595,2333,2270,1277,1516,2253,7202,3002,23448,0,0.0,High Spender,High
87,Saanvi Choudhary,26,Accountant,Mumbai,2025-06,29600,6342,2903,2232,3089,2278,6729,10032,5906,39511,0,0.0,High Spender,High
87,Saanvi Choudhary,26,Accountant,Mumbai,2025-07,31043,4633,3034,2918,1182,2729,4342,0,3814,22652,8391,0.27,Balanced,Medium
87,Saanvi Choudhary,26,Accountant,Mumbai,2025-08,25771,5999,2463,1252,1799,2179,4964,6183,5475,30314,0,0.0,High Spender,High
87,Saanvi Choudhary,26,Accountant,Mumbai,2025-09,26081,6816,2918,892,1668,2354,5405,13772,3335,37160,0,0.0,High Spender,High
87,Saanvi Choudhary,26,Accountant,Mumbai,2025-10,28081,5908,4288,1310,2293,1458,6002,14325,4253,39837,0,0.0,High Spender,High
87,Saanvi Choudhary,26,Accountant,Mumbai,2025-11,30202,4153,4347,1602,4466,1322,2030,9890,4681,32491,0,0.0,High Spender,High
87,Saanvi Choudhary,26,Accountant,Mumbai,2025-12,29323,6860,5022,1729,1205,2483,2600,13976,4334,38209,0,0.0,High Spender,High
88,Yash Sharma,35,Engineer,Bengaluru,2025-01,85335,22278,13712,5748,16820,1723,3784,12298,5186,81549,3786,0.04,High Spender,High
88,Yash Sharma,35,Engineer,Bengaluru,2025-02,82777,11916,11425,4054,7855,4737,2871,0,11442,54300,28477,0.34,Investor,Low
88,Yash Sharma,35,Engineer,Bengaluru,2025-03,93858,20667,8266,9208,4512,3552,2805,3063,18630,70703,23155,0.25,Balanced,Medium
88,Yash Sharma,35,Engineer,Bengaluru,2025-04,85902,11698,11804,6330,6338,4159,4144,0,12538,57011,28891,0.34,Investor,Low
88,Yash Sharma,35,Engineer,Bengaluru,2025-05,81391,12492,8295,4053,12862,6391,1340,0,15229,60662,20729,0.25,Balanced,Medium
88,Yash Sharma,35,Engineer,Bengaluru,2025-06,82108,12622,12056,4334,3045,3907,6055,12054,10524,64597,17511,0.21,Balanced,Medium
88,Yash Sharma,35,Engineer,Bengaluru,2025-07,85899,13533,12197,7804,9048,2878,4624,8989,15873,74946,10953,0.13,High Spender,High
88,Yash Sharma,35,Engineer,Bengaluru,2025-08,91034,13500,12219,4449,16871,4489,1851,12285,10762,76426,14608,0.16,Balanced,Medium
88,Yash Sharma,35,Engineer,Bengaluru,2025-09,89288,11969,14470,4070,6058,4609,1593,0,19317,62086,27202,0.3,Investor,Low
88,Yash Sharma,35,Engineer,Bengaluru,2025-10,90750,20286,7670,5480,6319,6955,3523,0,19780,70013,20737,0.23,Balanced,Medium
88,Yash Sharma,35,Engineer,Bengaluru,2025-11,91666,11714,10344,2849,9081,6800,5403,11202,5420,62813,28853,0.31,Investor,Low
88,Yash Sharma,35,Engineer,Bengaluru,2025-12,83639,21154,11664,5237,13936,1815,3778,7106,14352,79042,4597,0.05,High Spender,High
89,Kunal Singh,46,Developer,Jaipur,2025-01,37158,4536,6076,2333,3903,832,1344,0,5422,24446,12712,0.34,Investor,Low
89,Kunal Singh,46,Developer,Jaipur,2025-02,47480,6057,5326,2997,6051,1793,5789,0,11725,39738,7742,0.16,Balanced,Medium
89,Kunal Singh,46,Developer,Jaipur,2025-03,36600,10231,5649,2213,2546,3169,6031,7599,9130,46568,0,0.0,High Spender,High
89,Kunal Singh,46,Developer,Jaipur,2025-04,42761,10699,6825,1357,5546,3766,5679,12895,3053,49820,0,0.0,High Spender,High
89,Kunal Singh,46,Developer,Jaipur,2025-05,36421,7480,4195,2356,4011,1273,6010,4367,6582,36274,147,0.0,High Spender,High
89,Kunal Singh,46,Developer,Jaipur,2025-06,35237,5221,4271,2197,6063,2005,4876,10022,2812,37467,0,0.0,High Spender,High
89,Kunal Singh,46,Developer,Jaipur,2025-07,48985,11396,4733,3531,5836,3812,1417,0,9777,40502,8483,0.17,Balanced,Medium
89,Kunal Singh,46,Developer,Jaipur,2025-08,38090,9809,5116,1588,1752,1457,4089,4905,2722,31438,6652,0.17,Balanced,Medium
89,Kunal Singh,46,Developer,Jaipur,2025-09,48502,6995,8224,2582,8772,1532,1514,12675,4759,47053,1449,0.03,High Spender,High
89,Kunal Singh,46,Developer,Jaipur,2025-10,42274,5820,6341,3324,6738,1074,2309,0,7041,32647,9627,0.23,Balanced,Medium
89,Kunal Singh,46,Developer,Jaipur,2025-11,36401,5183,3884,2185,1461,1850,4657,6991,5933,32144,4257,0.12,High Spender,High
89,Kunal Singh,46,Developer,Jaipur,2025-12,42496,9883,6228,3156,4972,2397,3583,0,8790,39009,3487,0.08,High Spender,High
90,Rohini Kapoor,40,Developer,Pune,2025-01,50980,10136,6577,2912,8343,2039,2238,6408,6832,45485,5495,0.11,High Spender,High
90,Rohini Kapoor,40,Developer,Pune,2025-02,50631,7971,7720,2489,5040,2914,2519,8279,11896,48828,1803,0.04,High Spender,High
90,Rohini Kapoor,40,Developer,Pune,2025-03,42979,8177,6307,2864,8167,3642,4822,7023,6784,47786,0,0.0,High Spender,High
90,Rohini Kapoor,40,Developer,Pune,2025-04,44291,5776,5287,3657,3709,1541,4913,0,7571,32454,11837,0.27,Balanced,Medium
90,Rohini Kapoor,40,Developer,Pune,2025-05,44740,7008,7211,2652,4715,4035,2932,0,4979,33532,11208,0.25,Balanced,Medium
90,Rohini Kapoor,40,Developer,Pune,2025-06,49214,6177,7620,1936,4467,2299,6402,12121,9613,50635,0,0.0,High Spender,High
90,Rohini Kapoor,40,Developer,Pune,2025-07,49763,10563,8296,2164,4162,2774,6296,3235,10142,47632,2131,0.04,High Spender,High
90,Rohini Kapoor,40,Developer,Pune,2025-08,48970,13384,4892,1539,6083,3200,4880,3667,7424,45069,3901,0.08,High Spender,High
90,Rohini Kapoor,40,Developer,Pune,2025-09,45559,11729,5503,2462,4727,3715,4282,0,9101,41519,4040,0.09,High Spender,High
90,Rohini Kapoor,40,Developer,Pune,2025-10,48787,8643,6524,4698,3381,2753,5153,0,9519,40671,8116,0.17,Balanced,Medium
90,Rohini Kapoor,40,Developer,Pune,2025-11,51456,13825,5363,4334,3771,3967,2811,0,2804,36875,14581,0.28,Balanced,Medium
90,Rohini Kapoor,40,Developer,Pune,2025-12,44354,9038,4631,2284,5511,3516,1958,0,3777,30715,13639,0.31,Investor,Low
91,Priya Bansal,43,Developer,Jaipur,2025-01,70569,16957,10505,3026,7237,2711,2962,0,5485,48883,21686,0.31,Investor,Low
91,Priya Bansal,43,Developer,Jaipur,2025-02,67724,14063,11662,5201,4502,5322,5534,0,12770,59054,8670,0.13,High Spender,High
91,Priya Bansal,43,Developer,Jaipur,2025-03,71111,14852,10386,5692,11660,3259,1376,6769,10549,64543,6568,0.09,High Spender,High
91,Priya Bansal,43,Developer,Jaipur,2025-04,67362,10713,8687,2701,4738,5292,652,0,8863,41646,25716,0.38,Investor,Low
91,Priya Bansal,43,Developer,Jaipur,2025-05,70290,12975,8437,4483,3812,1978,3150,9005,17068,60908,9382,0.13,High Spender,High
91,Priya Bansal,43,Developer,Jaipur,2025-06,65663,11767,8805,2616,6565,5911,2751,0,5814,44229,21434,0.33,Investor,Low
91,Priya Bansal,43,Developer,Jaipur,2025-07,62357,8781,9045,4252,5784,4799,2301,11791,8321,55074,7283,0.12,High Spender,High
91,Priya Bansal,43,Developer,Jaipur,2025-08,60941,13532,5911,4634,3597,3874,4214,0,10314,46076,14865,0.24,Balanced,Medium
91,Priya Bansal,43,Developer,Jaipur,2025-09,63902,14787,7481,4434,5915,2638,1835,4962,8727,50779,13123,0.21,Balanced,Medium
91,Priya Bansal,43,Developer,Jaipur,2025-10,61157,7639,10003,3314,4392,5354,4328,0,5333,40363,20794,0.34,Investor,Low
91,Priya Bansal,43,Developer,Jaipur,2025-11,70383,16356,11480,4189,7338,1936,2650,0,7531,51480,18903,0.27,Balanced,Medium
91,Priya Bansal,43,Developer,Jaipur,2025-12,59639,15110,10261,2376,6075,5170,3050,0,8948,50990,8649,0.15,Balanced,Medium
92,Ananya Choudhary,27,Sales Executive,Bengaluru,2025-01,67049,14835,6522,5700,11953,3594,1566,11015,12633,67818,0,0.0,High Spender,High
92,Ananya Choudhary,27,Sales Executive,Bengaluru,2025-02,55315,12915,7518,2710,3984,4309,1130,0,13370,45936,9379,0.17,Balanced,Medium
92,Ananya Choudhary,27,Sales Executive,Bengaluru,2025-03,63459,8020,9397,2322,9636,6274,3611,0,12276,51536,11923,0.19,Balanced,Medium
92,Ananya Choudhary,27,Sales Executive,Bengaluru,2025-04,62073,13340,8846,5709,8280,5072,1445,4921,13378,60991,1082,0.02,High Spender,High
92,Ananya Choudhary,27,Sales Executive,Bengaluru,2025-05,62961,10625,9954,4545,3062,5928,3935,12564,7832,58445,4516,0.07,High Spender,High
92,Ananya Choudhary,27,Sales Executive,Bengaluru,2025-06,54256,11422,7690,3201,9094,3273,4035,0,10121,48836,5420,0.1,High Spender,High
92,Ananya Choudhary,27,Sales Executive,Bengaluru,2025-07,56952,11992,5329,3785,9185,2158,3881,3925,4539,44794,12158,0.21,Balanced,Medium
92,Ananya Choudhary,27,Sales Executive,Bengaluru,2025-08,63690,15319,7510,2710,10435,4930,3324,11804,11405,67437,0,0.0,High Spender,High
92,Ananya Choudhary,27,Sales Executive,Bengaluru,2025-09,63618,11660,10702,3178,9393,4160,2828,11039,9164,62124,1494,0.02,High Spender,High
92,Ananya Choudhary,27,Sales Executive,Bengaluru,2025-10,54449,8211,8172,4275,5012,1601,5378,11664,10706,55019,0,0.0,High Spender,High
92,Ananya Choudhary,27,Sales Executive,Bengaluru,2025-11,54830,12330,4393,1820,9278,4903,1216,0,9699,43639,11191,0.2,Balanced,Medium
92,Ananya Choudhary,27,Sales Executive,Bengaluru,2025-12,61731,15633,6845,5984,2805,5705,966,12859,11997,62794,0,0.0,High Spender,High
93,Shruti Rathore,43,Sales Executive,Pune,2025-01,39755,5617,5631,3837,7885,2258,6978,12397,9284,53887,0,0.0,High Spender,High
93,Shruti Rathore,43,Sales Executive,Pune,2025-02,42362,7392,4533,2371,5542,1785,1934,4185,4675,32417,9945,0.23,Balanced,Medium
93,Shruti Rathore,43,Sales Executive,Pune,2025-03,35284,7275,4935,2169,2788,762,5263,10213,6533,39938,0,0.0,High Spender,High
93,Shruti Rathore,43,Sales Executive,Pune,2025-04,40045,10056,5920,2003,1930,1386,2656,0,9643,33594,6451,0.16,Balanced,Medium
93,Shruti Rathore,43,Sales Executive,Pune,2025-05,41842,7127,4249,3824,3876,847,577,0,3622,24122,17720,0.42,Investor,Low
93,Shruti Rathore,43,Sales Executive,Pune,2025-06,42131,5228,5347,3088,5131,1571,4245,0,9959,34569,7562,0.18,Balanced,Medium
93,Shruti Rathore,43,Sales Executive,Pune,2025-07,42969,7684,5772,2533,7034,1437,2355,8215,10091,45121,0,0.0,High Spender,High
93,Shruti Rathore,43,Sales Executive,Pune,2025-08,38387,10692,4360,1162,3682,3460,1285,0,6522,31163,7224,0.19,Balanced,Medium
93,Shruti Rathore,43,Sales Executive,Pune,2025-09,49007,7976,6533,2765,2684,4690,3904,8544,9609,46705,2302,0.05,High Spender,High
93,Shruti Rathore,43,Sales Executive,Pune,2025-10,46404,8737,4597,1620,4723,2304,4732,0,7455,34168,12236,0.26,Balanced,Medium
93,Shruti Rathore,43,Sales Executive,Pune,2025-11,38048,6569,4100,1311,4584,3115,4588,11623,1990,37880,168,0.0,High Spender,High
93,Shruti Rathore,43,Sales Executive,Pune,2025-12,43145,10797,5706,2841,3869,1502,2244,0,2750,29709,13436,0.31,Investor,Low
94,Vivaan Sharma,55,Developer,Jaipur,2025-01,96981,15383,12632,4881,3279,9306,3000,0,21984,70465,26516,0.27,Balanced,Medium
94,Vivaan Sharma,55,Developer,Jaipur,2025-02,107808,17503,16674,6030,7340,2447,4169,4951,19746,78860,28948,0.27,Balanced,Medium
94,Vivaan Sharma,55,Developer,Jaipur,2025-03,101428,12997,12278,6116,14772,8377,4458,0,9647,68645,32783,0.32,Investor,Low
94,Vivaan Sharma,55,Developer,Jaipur,2025-04,100467,12135,10740,7376,18286,2807,2695,8645,13051,75735,24732,0.25,Balanced,Medium
94,Vivaan Sharma,55,Developer,Jaipur,2025-05,96283,14100,14666,8365,12536,8149,5344,0,10307,73467,22816,0.24,Balanced,Medium
94,Vivaan Sharma,55,Developer,Jaipur,2025-06,95507,17778,13465,7784,13882,5226,3269,4489,13556,79449,16058,0.17,Balanced,Medium
94,Vivaan Sharma,55,Developer,Jaipur,2025-07,104157,21317,14431,7979,11666,6184,5936,0,26008,93521,10636,0.1,High Spender,High
94,Vivaan Sharma,55,Developer,Jaipur,2025-08,100104,17762,14525,8762,6938,9555,2928,5925,23574,89969,10135,0.1,High Spender,High
94,Vivaan Sharma,55,Developer,Jaipur,2025-09,97927,18525,10341,6231,12488,2758,5897,0,19880,76120,21807,0.22,Balanced,Medium
94,Vivaan Sharma,55,Developer,Jaipur,2025-10,96042,12112,12212,7419,9604,6445,5456,0,5833,59081,36961,0.38,Investor,Low
94,Vivaan Sharma,55,Developer,Jaipur,2025-11,103411,21758,11922,7234,15376,4867,4809,13586,12094,91646,11765,0.11,High Spender,High
94,Vivaan Sharma,55,Developer,Jaipur,2025-12,100542,16522,15153,8441,9858,9147,3692,0,6612,69425,31117,0.31,Investor,Low
95,Rahul Choudhary,35,Teacher,Bengaluru,2025-01,70901,12986,9084,2252,13238,4430,2662,0,6709,51361,19540,0.28,Balanced,Medium
95,Rahul Choudhary,35,Teacher,Bengaluru,2025-02,68184,18358,10354,6144,12171,4991,967,5937,6608,65530,2654,0.04,High Spender,High
95,Rahul Choudhary,35,Teacher,Bengaluru,2025-03,69054,12883,7023,2398,12232,5066,2948,7155,13008,62713,6341,0.09,High Spender,High
95,Rahul Choudhary,35,Teacher,Bengaluru,2025-04,59894,7289,5521,4817,9665,1739,3059,0,6845,38935,20959,0.35,Investor,Low
95,Rahul Choudhary,35,Teacher,Bengaluru,2025-05,63289,17190,7831,5864,7388,4095,4648,13820,4733,65569,0,0.0,High Spender,High
95,Rahul Choudhary,35,Teacher,Bengaluru,2025-06,62079,15368,6729,3424,9149,2056,2596,0,4429,43751,18328,0.3,Investor,Low
95,Rahul Choudhary,35,Teacher,Bengaluru,2025-07,62349,17433,10103,4069,9778,4673,4115,0,7650,57821,4528,0.07,High Spender,High
95,Rahul Choudhary,35,Teacher,Bengaluru,2025-08,63167,8921,10598,3268,3652,3421,5277,0,12999,48136,15031,0.24,Balanced,Medium
95,Rahul Choudhary,35,Teacher,Bengaluru,2025-09,60730,9400,10067,2294,2468,5938,6486,0,9214,45867,14863,0.24,Balanced,Medium
95,Rahul Choudhary,35,Teacher,Bengaluru,2025-10,64153,15310,9408,3932,8152,3991,3332,0,3692,47817,16336,0.25,Balanced,Medium
95,Rahul Choudhary,35,Teacher,Bengaluru,2025-11,64406,15689,7953,5401,10992,4851,2370,0,15354,62610,1796,0.03,High Spender,High
95,Rahul Choudhary,35,Teacher,Bengaluru,2025-12,64943,17511,8909,5132,11418,6014,6643,14988,7647,78262,0,0.0,High Spender,High
96,Rahul Jain,38,Manager,Mumbai,2025-01,87829,21915,14020,5909,4367,3859,2808,10446,12145,75469,12360,0.14,High Spender,High
96,Rahul Jain,38,Manager,Mumbai,2025-02,84974,21918,7961,6983,10020,2293,2850,14243,10960,77228,7746,0.09,High Spender,High
96,Rahul Jain,38,Manager,Mumbai,2025-03,87240,21271,8986,2628,6777,6144,868,8438,4771,59883,27357,0.31,Investor,Low
96,Rahul Jain,38,Manager,Mumbai,2025-04,78211,10046,10130,7264,6032,6215,6717,13817,13232,73453,4758,0.06,High Spender,High
96,Rahul Jain,38,Manager,Mumbai,2025-05,79773,11251,13375,5433,12964,4584,2200,0,9435,59242,20531,0.26,Balanced,Medium
96,Rahul Jain,38,Manager,Mumbai,2025-06,86333,16096,7787,7646,16026,6237,2259,13384,19409,88844,0,0.0,High Spender,High
96,Rahul Jain,38,Manager,Mumbai,2025-07,88197,21904,12322,5074,8410,3254,2224,0,9916,63104,25093,0.28,Balanced,Medium
96,Rahul Jain,38,Manager,Mumbai,2025-08,77399,16795,11490,3689,7567,5296,5902,10135,10971,71845,5554,0.07,High Spender,High
96,Rahul Jain,38,Manager,Mumbai,2025-09,82208,12791,12114,5125,5534,5001,4402,0,13168,58135,24073,0.29,Balanced,Medium
96,Rahul Jain,38,Manager,Mumbai,2025-10,83933,14698,12303,7117,8290,4247,1145,0,19759,67559,16374,0.2,Balanced,Medium
96,Rahul Jain,38,Manager,Mumbai,2025-11,81298,20251,7630,7994,15074,4004,4916,13856,14946,88671,0,0.0,High Spender,High
96,Rahul Jain,38,Manager,Mumbai,2025-12,87512,16964,12348,5103,9270,1837,3744,0,5755,55021,32491,0.37,Investor,Low
97,Saanvi Kapoor,53,Accountant,Bengaluru,2025-01,117876,22097,21001,5302,3701,7718,6196,11831,14399,92245,25631,0.22,Balanced,Medium
97,Saanvi Kapoor,53,Accountant,Bengaluru,2025-02,115413,20180,12038,9858,20399,4885,5124,10136,5970,88590,26823,0.23,Balanced,Medium
97,Saanvi Kapoor,53,Accountant,Bengaluru,2025-03,116585,27672,15526,11582,21529,10757,2644,0,13424,103134,13451,0.12,High Spender,High
97,Saanvi Kapoor,53,Accountant,Bengaluru,2025-04,109214,14997,16243,4618,16368,2654,1217,4607,16719,77423,31791,0.29,Balanced,Medium
97,Saanvi Kapoor,53,Accountant,Bengaluru,2025-05,115170,27532,18292,8296,6168,3418,1233,10600,23332,98871,16299,0.14,High Spender,High
97,Saanvi Kapoor,53,Accountant,Bengaluru,2025-06,113825,19172,12210,4919,20323,5727,5092,0,27483,94926,18899,0.17,Balanced,Medium
97,Saanvi Kapoor,53,Accountant,Bengaluru,2025-07,116321,31300,19068,6172,19908,8298,755,3106,20678,109285,7036,0.06,High Spender,High
97,Saanvi Kapoor,53,Accountant,Bengaluru,2025-08,110152,22810,19252,9400,18965,10841,3310,0,24766,109344,808,0.01,High Spender,High
97,Saanvi Kapoor,53,Accountant,Bengaluru,2025-09,110220,14775,14324,6709,4652,7816,6951,0,6622,61849,48371,0.44,Investor,Low
97,Saanvi Kapoor,53,Accountant,Bengaluru,2025-10,117237,28527,15575,3668,9629,11195,2761,5266,12734,89355,27882,0.24,Balanced,Medium
97,Saanvi Kapoor,53,Accountant,Bengaluru,2025-11,117716,30821,18944,6704,16860,2614,1031,9094,9194,95262,22454,0.19,Balanced,Medium
97,Saanvi Kapoor,53,Accountant,Bengaluru,2025-12,108491,21706,15870,5419,6380,4296,2842,12325,19668,88506,19985,0.18,Balanced,Medium
98,Kabir Choudhary,41,Manager,Delhi,2025-01,102944,14150,14660,3090,19236,3782,5041,0,15797,75756,27188,0.26,Balanced,Medium
98,Kabir Choudhary,41,Manager,Delhi,2025-02,96084,15596,13845,8123,16677,9409,4229,12002,11557,91438,4646,0.05,High Spender,High
98,Kabir Choudhary,41,Manager,Delhi,2025-03,100721,26330,12223,9645,11864,5135,1527,12792,10385,89901,10820,0.11,High Spender,High
98,Kabir Choudhary,41,Manager,Delhi,2025-04,107777,14303,19150,5052,15191,9512,1205,0,24332,88745,19032,0.18,Balanced,Medium
98,Kabir Choudhary,41,Manager,Delhi,2025-05,106970,13763,14928,8604,9404,9054,5475,12603,18265,92096,14874,0.14,High Spender,High
98,Kabir Choudhary,41,Manager,Delhi,2025-06,97457,25751,17370,5089,14604,6533,6346,0,12848,88541,8916,0.09,High Spender,High
98,Kabir Choudhary,41,Manager,Delhi,2025-07,104342,25588,8933,3758,19312,2901,3356,0,18160,82008,22334,0.21,Balanced,Medium
98,Kabir Choudhary,41,Manager,Delhi,2025-08,108004,25024,16377,5308,11814,10335,1355,6586,18284,95083,12921,0.12,High Spender,High
98,Kabir Choudhary,41,Manager,Delhi,2025-09,102461,23433,14741,7831,5904,6748,6999,10031,6188,81875,20586,0.2,Balanced,Medium
98,Kabir Choudhary,41,Manager,Delhi,2025-10,107794,15498,16404,4944,18007,2793,1649,0,8564,67859,39935,0.37,Investor,Low
98,Kabir Choudhary,41,Manager,Delhi,2025-11,101587,27053,16447,5123,16879,6745,2523,6763,9858,91391,10196,0.1,High Spender,High
98,Kabir Choudhary,41,Manager,Delhi,2025-12,102997,26386,15629,4847,10566,7686,3541,6511,16049,91215,11782,0.11,High Spender,High
99,Meera Mehta,27,Freelancer,Mumbai,2025-01,86357,23968,15480,2641,12014,2681,2195,0,14272,73251,13106,0.15,Balanced,Medium
99,Meera Mehta,27,Freelancer,Mumbai,2025-02,92747,25873,16376,5166,16945,6967,1108,4307,19246,95988,0,0.0,High Spender,High
99,Meera Mehta,27,Freelancer,Mumbai,2025-03,85486,23661,14578,6697,16517,3710,4924,12113,13411,95611,0,0.0,High Spender,High
99,Meera Mehta,27,Freelancer,Mumbai,2025-04,91103,12879,14000,6557,16406,4270,4292,10520,19704,88628,2475,0.03,High Spender,High
99,Meera Mehta,27,Freelancer,Mumbai,2025-05,92183,23546,13352,5924,3010,7476,3899,0,11889,69096,23087,0.25,Balanced,Medium
99,Meera Mehta,27,Freelancer,Mumbai,2025-06,86923,12341,14262,7459,16880,6426,1820,14482,8757,82427,4496,0.05,High Spender,High
99,Meera Mehta,27,Freelancer,Mumbai,2025-07,95706,11499,10931,3870,5649,4020,5570,0,11106,52645,43061,0.45,Investor,Low
99,Meera Mehta,27,Freelancer,Mumbai,2025-08,86880,16405,8454,3221,10356,4164,4604,0,10175,57379,29501,0.34,Investor,Low
99,Meera Mehta,27,Freelancer,Mumbai,2025-09,92768,18634,8202,6039,16040,6233,1558,12869,6174,75749,17019,0.18,Balanced,Medium
99,Meera Mehta,27,Freelancer,Mumbai,2025-10,85646,22881,9496,5036,7730,6061,2075,0,15834,69113,16533,0.19,Balanced,Medium
99,Meera Mehta,27,Freelancer,Mumbai,2025-11,96529,25679,10089,3338,4630,4609,6617,0,18413,73375,23154,0.24,Balanced,Medium
99,Meera Mehta,27,Freelancer,Mumbai,2025-12,85625,22461,9601,7053,10166,6135,3165,0,5296,63877,21748,0.25,Balanced,Medium
100,Shruti Singh,46,Designer,Delhi,2025-01,46693,9303,7151,2049,6720,4506,4658,14559,11005,59951,0,0.0,High Spender,High
100,Shruti Singh,46,Designer,Delhi,2025-02,34601,7793,3151,2236,2659,1802,5857,0,6003,29501,5100,0.15,Balanced,Medium
100,Shruti Singh,46,Designer,Delhi,2025-03,35583,7794,2955,1113,2954,3405,784,0,2063,21068,14515,0.41,Investor,Low
100,Shruti Singh,46,Designer,Delhi,2025-04,34984,4704,4725,3334,1293,3392,2398,9104,2662,31612,3372,0.1,High Spender,High
100,Shruti Singh,46,Designer,Delhi,2025-05,37895,8451,4709,2332,6662,1123,3421,6163,5161,38022,0,0.0,High Spender,High
100,Shruti Singh,46,Designer,Delhi,2025-06,41364,10782,3404,2447,3903,954,2317,12467,5548,41822,0,0.0,High Spender,High
100,Shruti Singh,46,Designer,Delhi,2025-07,47791,12679,7921,3863,6040,2911,6368,0,9325,49107,0,0.0,High Spender,High
100,Shruti Singh,46,Designer,Delhi,2025-08,37944,9137,4714,3390,2984,1946,5224,0,3120,30515,7429,0.2,Balanced,Medium
100,Shruti Singh,46,Designer,Delhi,2025-09,40886,9206,7032,2085,5838,3723,1358,0,8910,38152,2734,0.07,High Spender,High
100,Shruti Singh,46,Designer,Delhi,2025-10,44980,11466,7150,3747,3863,1833,3392,3689,4980,40120,4860,0.11,High Spender,High
100,Shruti Singh,46,Designer,Delhi,2025-11,38515,9016,6521,2447,3771,2920,6742,0,7691,39108,0,0.0,High Spender,High
100,Shruti Singh,46,Designer,Delhi,2025-12,39094,6156,4808,1807,7204,3707,3194,0,3788,30664,8430,0.22,Balanced,Medium
